Time,GPS X,GPS Y,GPS Z,Accel X,Accel Y,Accel Z,Gyro X,Gyro Y,Gyro Z
0.01,165.2,-6.83,0.35,0.0,0.0,19.77,0.0,0.0,-0.0
0.02,165.2,-6.83,0.35,-0.0,-0.0,7.83,0.0,0.0,0.0
0.03,165.2,-6.83,0.35,-0.0,0.0,8.21,-0.0,-0.0,-0.0
0.04,165.2,-6.83,0.35,0.0,-0.0,8.53,0.0,0.0,0.0
0.05,165.2,-6.83,0.35,-0.0,0.0,8.79,0.0,-0.0,-0.0
0.06,165.2,-6.83,0.35,-0.0,-0.0,8.99,0.0,-0.0,0.0
0.07,165.2,-6.83,0.35,0.0,0.0,9.16,-0.0,-0.0,-0.0
0.08,165.2,-6.83,0.35,0.0,-0.0,9.29,-0.0,0.0,-0.0
0.09,165.2,-6.83,0.35,-0.0,-0.0,9.39,-0.0,-0.0,-0.0
0.1,165.2,-6.83,0.35,0.0,0.0,9.48,-0.0,0.0,-0.0
0.11,165.2,-6.83,0.35,-0.0,-0.0,9.54,0.0,0.0,-0.0
0.12,165.2,-6.83,0.35,-0.0,0.0,9.6,-0.0,-0.0,0.0
0.13,165.2,-6.83,0.35,0.0,0.0,9.64,-0.0,0.0,0.0
0.14,165.2,-6.83,0.35,-0.0,-0.0,9.67,0.0,-0.0,0.0
0.15,165.2,-6.83,0.35,0.0,0.0,9.7,-0.0,0.0,0.0
0.16,165.2,-6.83,0.35,-0.0,0.0,9.72,-0.0,-0.0,0.0
0.17,165.2,-6.83,0.35,0.0,-0.0,9.74,0.0,0.0,-0.0
0.18,165.2,-6.83,0.35,-0.0,-0.0,9.75,0.0,0.0,-0.0
0.19,165.2,-6.83,0.35,-0.0,-0.0,9.77,0.0,-0.0,-0.0
0.2,165.2,-6.83,0.35,0.0,0.0,9.77,-0.0,0.0,0.0
0.21,165.2,-6.83,0.35,0.0,0.0,9.78,-0.0,0.0,-0.0
0.22,165.2,-6.83,0.35,-0.0,-0.0,9.79,0.0,-0.0,-0.0
0.23,165.2,-6.83,0.35,0.0,-0.0,9.79,0.0,0.0,-0.0
0.24,165.2,-6.83,0.35,-0.0,0.0,9.8,-0.0,-0.0,0.0
0.25,165.2,-6.83,0.35,0.0,-0.0,9.8,-0.0,-0.0,0.0
0.26,165.2,-6.83,0.35,0.0,-0.0,9.8,0.0,0.0,-0.0
0.27,165.2,-6.83,0.35,-0.0,0.0,9.8,0.0,-0.0,0.0
0.28,165.2,-6.83,0.35,0.0,0.0,9.8,-0.0,0.0,0.0
0.29,165.2,-6.83,0.35,-0.0,0.0,9.81,-0.0,0.0,0.0
0.3,165.2,-6.83,0.35,-0.0,0.0,9.81,-0.0,-0.0,-0.0
0.31,165.2,-6.83,0.35,0.0,-0.0,9.81,0.0,0.0,-0.0
0.32,165.2,-6.83,0.35,-0.0,-0.0,9.81,0.0,0.0,0.0
0.33,165.2,-6.83,0.35,-0.0,0.0,9.81,0.0,-0.0,0.0
0.34,165.2,-6.83,0.35,-0.0,-0.0,9.81,0.0,-0.0,0.0
0.35,165.2,-6.83,0.35,0.0,0.0,9.81,-0.0,0.0,-0.0
0.36,165.2,-6.83,0.35,-0.0,-0.0,9.81,0.0,0.0,0.0
0.37,165.2,-6.83,0.35,-0.0,-0.0,9.81,0.0,-0.0,0.0
0.38,165.2,-6.83,0.35,-0.0,0.0,9.81,-0.0,-0.0,0.0
0.39,165.2,-6.83,0.35,0.0,0.0,9.81,-0.0,-0.0,-0.0
0.4,165.2,-6.83,0.35,0.0,-0.0,9.81,0.0,0.0,0.0
0.41,165.2,-6.83,0.35,0.0,0.0,9.81,-0.0,0.0,-0.0
0.42,165.2,-6.83,0.35,-0.0,-0.0,9.81,-0.0,-0.0,-0.0
0.43,165.2,-6.83,0.35,0.0,-0.0,9.81,-0.0,0.0,-0.0
0.44,165.2,-6.83,0.35,0.0,-0.0,9.81,0.0,0.0,0.0
0.45,165.2,-6.83,0.35,-0.0,0.0,9.81,0.0,-0.0,0.0
0.46,165.2,-6.83,0.35,0.0,0.0,9.81,-0.0,0.0,0.0
0.47,165.2,-6.83,0.35,-0.0,0.0,9.81,-0.0,-0.0,0.0
0.48,165.2,-6.83,0.35,0.0,-0.0,9.81,0.0,0.0,-0.0
0.49,165.2,-6.83,0.35,-0.0,0.0,9.81,-0.0,0.0,-0.0
0.5,165.2,-6.83,0.35,0.0,0.0,9.81,-0.0,0.0,-0.0
0.51,165.2,-6.83,0.35,0.0,-0.0,9.81,0.0,0.0,-0.0
0.52,165.2,-6.83,0.35,-0.0,-0.0,9.81,0.0,0.0,0.0
0.53,165.2,-6.83,0.35,0.0,0.0,9.81,-0.0,0.0,-0.0
0.54,165.2,-6.83,0.35,-0.0,-0.0,9.81,-0.0,-0.0,0.0
0.55,165.2,-6.83,0.35,-0.0,-0.0,9.81,0.0,-0.0,-0.0
0.56,165.2,-6.83,0.35,0.0,0.0,9.81,-0.0,-0.0,-0.0
0.57,165.2,-6.83,0.35,-0.0,-0.0,9.81,0.0,-0.0,0.0
0.58,165.2,-6.83,0.35,0.0,0.0,9.81,-0.0,0.0,-0.0
0.59,165.2,-6.83,0.35,0.0,-0.0,9.81,-0.0,0.0,0.0
0.6,165.2,-6.83,0.35,-0.0,0.0,9.81,-0.0,0.0,-0.0
0.61,165.2,-6.83,0.35,0.0,-0.0,9.81,0.0,0.0,-0.0
0.62,165.2,-6.83,0.35,-0.0,0.0,9.81,0.0,-0.0,-0.0
0.63,165.2,-6.83,0.35,0.0,0.0,9.81,0.0,0.0,0.0
0.64,165.2,-6.83,0.35,0.0,0.0,9.81,-0.0,0.0,0.0
0.65,165.2,-6.83,0.35,-0.0,-0.0,9.81,-0.0,0.0,0.0
0.66,165.2,-6.83,0.35,-0.0,-0.0,9.81,0.0,-0.0,-0.0
0.67,165.2,-6.83,0.35,0.0,0.0,9.81,-0.0,-0.0,0.0
0.68,165.2,-6.83,0.35,-0.0,-0.0,9.81,-0.0,-0.0,0.0
0.69,165.2,-6.83,0.35,0.0,-0.0,9.81,0.0,0.0,-0.0
0.7,165.2,-6.83,0.35,0.0,-0.0,9.81,0.0,0.0,-0.0
0.71,165.2,-6.83,0.35,-0.0,0.0,9.81,0.0,-0.0,0.0
0.72,165.2,-6.83,0.35,0.0,0.0,9.81,-0.0,0.0,0.0
0.73,165.2,-6.83,0.35,-0.0,-0.0,9.81,0.0,-0.0,-0.0
0.74,165.2,-6.83,0.35,0.0,0.0,9.81,-0.0,0.0,-0.0
0.75,165.2,-6.83,0.35,0.0,-0.0,9.81,-0.0,0.0,0.0
0.76,165.2,-6.83,0.35,-0.0,0.0,9.81,0.0,-0.0,-0.0
0.77,165.2,-6.83,0.35,-0.0,-0.0,9.81,0.0,-0.0,0.0
0.78,165.2,-6.83,0.35,0.0,0.0,9.81,0.0,0.0,0.0
0.79,165.2,-6.83,0.35,-0.0,-0.0,9.81,0.0,-0.0,0.0
0.8,165.2,-6.83,0.35,0.0,-0.0,9.81,0.0,0.0,-0.0
0.81,165.2,-6.83,0.35,-0.0,0.0,9.81,-0.0,-0.0,-0.0
0.82,165.2,-6.83,0.35,0.0,0.0,9.81,-0.0,0.0,-0.0
0.83,165.2,-6.83,0.35,0.0,-0.0,9.81,-0.0,0.0,-0.0
0.84,165.2,-6.83,0.35,-0.0,0.0,9.81,-0.0,0.0,0.0
0.85,165.2,-6.83,0.35,-0.0,-0.0,9.81,-0.0,-0.0,-0.0
0.86,165.2,-6.83,0.35,0.0,-0.0,9.81,-0.0,0.0,0.0
0.87,165.2,-6.83,0.35,-0.0,0.0,9.81,-0.0,-0.0,-0.0
0.88,165.2,-6.83,0.35,-0.0,-0.0,9.81,-0.0,-0.0,0.0
0.89,165.2,-6.83,0.35,0.0,-0.0,9.81,0.0,0.0,-0.0
0.9,165.2,-6.83,0.35,0.0,-0.0,9.81,0.0,0.0,-0.0
0.91,165.2,-6.83,0.35,-0.0,0.0,9.81,-0.0,0.0,-0.0
0.92,165.2,-6.83,0.35,-0.0,-0.0,9.81,0.0,-0.0,-0.0
0.93,165.2,-6.83,0.35,0.0,0.0,9.81,0.0,-0.0,0.0
0.94,165.2,-6.83,0.35,-0.0,0.0,9.81,0.0,-0.0,-0.0
0.95,165.2,-6.83,0.35,0.0,-0.0,9.81,-0.0,0.0,0.0
0.96,165.2,-6.83,0.35,-0.0,-0.0,9.81,0.0,-0.0,0.0
0.97,165.2,-6.83,0.35,0.0,0.0,9.81,-0.0,0.0,-0.0
0.98,165.2,-6.83,0.35,-0.0,0.0,9.81,-0.0,-0.0,-0.0
0.99,165.2,-6.83,0.35,0.0,-0.0,9.81,-0.0,0.0,-0.0
1.0,165.2,-6.83,0.35,0.0,-0.0,9.81,0.0,0.0,-0.0
1.01,165.2,-6.83,0.35,-0.0,0.0,9.81,-0.0,-0.0,-0.0
1.02,165.2,-6.83,0.35,-0.0,-0.0,9.81,0.0,-0.0,-0.0
1.03,165.2,-6.83,0.35,0.0,0.0,9.81,-0.0,0.0,-0.0
1.04,165.2,-6.83,0.35,0.0,0.0,9.81,-0.0,0.0,-0.0
1.05,165.2,-6.83,0.35,-0.0,-0.0,9.81,0.0,-0.0,0.0
1.06,165.2,-6.83,0.35,-0.0,-0.0,9.81,0.0,-0.0,0.0
1.07,165.2,-6.83,0.35,0.0,0.0,9.81,-0.0,0.0,-0.0
1.08,165.2,-6.83,0.35,-0.0,-0.0,9.81,0.0,-0.0,0.0
1.09,165.2,-6.83,0.35,0.0,0.0,9.81,0.0,0.0,-0.0
1.1,165.2,-6.83,0.35,-0.0,-0.0,9.81,0.0,-0.0,0.0
1.11,165.2,-6.83,0.35,0.0,-0.0,9.81,0.0,0.0,-0.0
1.12,165.2,-6.83,0.35,-0.0,0.0,9.81,0.0,0.0,0.0
1.13,165.2,-6.83,0.35,-0.0,0.0,9.81,0.0,0.0,0.0
1.14,165.2,-6.83,0.35,-0.0,0.0,9.81,0.0,0.0,0.0
1.15,165.2,-6.83,0.35,-0.0,0.0,9.81,0.0,0.0,0.0
1.16,165.2,-6.83,0.35,-0.0,0.0,9.81,0.0,0.0,0.0
1.17,165.2,-6.83,0.35,-0.0,0.0,9.81,0.0,0.0,0.0
1.18,165.2,-6.83,0.35,-0.0,0.0,9.81,0.0,0.0,0.0
1.19,165.2,-6.83,0.35,-0.0,0.0,9.81,0.0,0.0,0.0
1.2,165.2,-6.83,0.35,-0.0,0.0,9.81,0.0,0.0,0.0
1.21,165.2,-6.83,0.35,-0.0,0.0,9.81,0.0,0.0,0.0
1.22,165.2,-6.83,0.35,-0.0,0.0,9.81,0.0,0.0,0.0
1.23,165.2,-6.83,0.35,-0.0,0.0,9.81,0.0,0.0,0.0
1.24,165.2,-6.83,0.35,-0.0,0.0,9.81,0.0,0.0,0.0
1.25,165.2,-6.83,0.35,-0.0,0.0,9.81,0.0,0.0,0.0
1.26,165.2,-6.83,0.35,-0.0,0.0,9.81,0.0,0.0,0.0
1.27,165.2,-6.83,0.35,-0.0,0.0,9.81,0.0,0.0,0.0
1.28,165.2,-6.83,0.35,-0.0,0.0,9.81,0.0,0.0,0.0
1.29,165.2,-6.83,0.35,-0.0,0.0,9.81,0.0,0.0,0.0
1.3,165.2,-6.83,0.35,-0.0,0.0,9.81,0.0,0.0,0.0
1.31,165.2,-6.83,0.35,-0.0,0.0,9.81,0.0,0.0,0.0
1.32,165.2,-6.83,0.35,-0.0,0.0,9.81,0.0,0.0,0.0
1.33,165.2,-6.83,0.35,-0.0,0.0,9.81,0.0,0.0,0.0
1.34,165.2,-6.83,0.35,-0.0,0.0,9.81,0.0,0.0,0.0
1.35,165.2,-6.83,0.35,-0.0,0.0,9.81,0.0,0.0,0.0
1.36,165.2,-6.83,0.35,-0.0,0.0,9.81,0.0,0.0,0.0
1.37,165.2,-6.83,0.35,-0.0,0.0,9.81,0.0,0.0,0.0
1.38,165.2,-6.83,0.35,-0.0,0.0,9.81,0.0,0.0,0.0
1.39,165.2,-6.83,0.35,-0.0,0.0,9.81,0.0,0.0,0.0
1.4,165.2,-6.83,0.35,-0.0,0.0,9.81,0.0,0.0,0.0
1.41,165.2,-6.83,0.35,-0.0,0.0,9.81,0.0,0.0,0.0
1.42,165.2,-6.83,0.35,-0.0,0.0,9.81,0.0,0.0,0.0
1.43,165.2,-6.83,0.35,-0.0,0.0,9.81,0.0,0.0,0.0
1.44,165.2,-6.83,0.35,-0.0,0.0,9.81,0.0,0.0,0.0
1.45,165.2,-6.83,0.35,-0.0,0.0,9.81,0.0,0.0,0.0
1.46,165.2,-6.83,0.35,-0.0,0.0,9.81,0.0,0.0,0.0
1.47,165.2,-6.83,0.35,-0.0,0.0,9.81,0.0,0.0,0.0
1.48,165.2,-6.83,0.35,-0.0,0.0,9.81,0.0,0.0,0.0
1.49,165.2,-6.83,0.35,-0.0,0.0,9.81,0.0,0.0,0.0
1.5,165.2,-6.83,0.35,-0.0,0.0,9.81,0.0,0.0,0.0
1.51,165.2,-6.83,0.35,-0.0,0.0,9.81,0.0,0.0,0.0
1.52,165.2,-6.83,0.35,-0.0,0.0,9.81,0.0,0.0,0.0
1.53,165.2,-6.83,0.35,-0.0,0.0,9.81,0.0,0.0,0.0
1.54,165.2,-6.83,0.35,-0.0,0.0,9.81,0.0,0.0,0.0
1.55,165.2,-6.83,0.35,-0.0,0.0,9.81,0.0,0.0,0.0
1.56,165.2,-6.83,0.35,-0.0,0.0,9.81,0.0,0.0,0.0
1.57,165.2,-6.83,0.35,-0.0,0.0,9.81,0.0,0.0,0.0
1.58,165.2,-6.83,0.35,-0.0,0.0,9.81,0.0,0.0,0.0
1.59,165.2,-6.83,0.35,-0.0,0.0,9.81,0.0,0.0,0.0
1.6,165.2,-6.83,0.35,-0.0,0.0,9.81,0.0,0.0,0.0
1.61,165.2,-6.83,0.35,-0.0,0.0,9.81,0.0,0.0,0.0
1.62,165.2,-6.83,0.35,-0.0,0.0,9.81,0.0,0.0,0.0
1.63,165.2,-6.83,0.35,-0.0,0.0,9.81,0.0,0.0,0.0
1.64,165.2,-6.83,0.35,-0.0,0.0,9.81,0.0,0.0,0.0
1.65,165.2,-6.83,0.35,-0.0,0.0,9.81,0.0,0.0,0.0
1.66,165.2,-6.83,0.35,-0.0,0.0,9.81,0.0,0.0,0.0
1.67,165.2,-6.83,0.35,-0.0,0.0,9.81,0.0,0.0,0.0
1.68,165.2,-6.83,0.35,-0.0,0.0,9.81,0.0,0.0,0.0
1.69,165.2,-6.83,0.35,-0.0,0.0,9.81,0.0,0.0,0.0
1.7,165.2,-6.83,0.35,-0.0,0.0,9.81,0.0,0.0,0.0
1.71,165.2,-6.83,0.35,-0.0,0.0,9.81,0.0,0.0,0.0
1.72,165.2,-6.83,0.35,-0.0,0.0,9.81,0.0,0.0,0.0
1.73,165.2,-6.83,0.35,-0.0,0.0,9.81,0.0,0.0,0.0
1.74,165.2,-6.83,0.35,-0.0,0.0,9.81,0.0,0.0,0.0
1.75,165.2,-6.83,0.35,-0.0,0.0,9.81,0.0,0.0,0.0
1.76,165.2,-6.83,0.35,-0.0,0.0,9.81,0.0,0.0,0.0
1.77,165.2,-6.83,0.35,-0.0,0.0,9.81,0.0,0.0,0.0
1.78,165.2,-6.83,0.35,-0.0,0.0,9.81,0.0,0.0,0.0
1.79,165.2,-6.83,0.35,-0.0,0.0,9.81,0.0,0.0,0.0
1.8,165.2,-6.83,0.35,-0.0,0.0,9.81,0.0,0.0,0.0
1.81,165.2,-6.83,0.35,-0.0,0.0,9.81,0.0,0.0,0.0
1.82,165.2,-6.83,0.35,-0.0,0.0,9.81,0.0,0.0,0.0
1.83,165.2,-6.83,0.35,-0.0,0.0,9.81,0.0,0.0,0.0
1.84,165.2,-6.83,0.35,-0.0,0.0,9.81,0.0,0.0,0.0
1.85,165.2,-6.83,0.35,-0.0,0.0,9.81,0.0,0.0,0.0
1.86,165.2,-6.83,0.35,-0.0,0.0,9.81,0.0,0.0,0.0
1.87,165.2,-6.83,0.35,-0.0,0.0,9.81,0.0,0.0,0.0
1.88,165.2,-6.83,0.35,-0.0,0.0,9.81,0.0,0.0,0.0
1.89,165.2,-6.83,0.35,-0.0,0.0,9.81,0.0,0.0,0.0
1.9,165.2,-6.83,0.35,-0.0,0.0,9.81,0.0,0.0,0.0
1.91,165.2,-6.83,0.35,-0.0,0.0,9.81,0.0,0.0,0.0
1.92,165.2,-6.83,0.35,-0.0,0.0,9.81,0.0,0.0,0.0
1.93,165.2,-6.83,0.35,-0.0,0.0,9.81,0.0,0.0,0.0
1.94,165.2,-6.83,0.35,-0.0,0.0,9.81,0.0,0.0,0.0
1.95,165.2,-6.83,0.35,-0.0,0.0,9.81,0.0,0.0,0.0
1.96,165.2,-6.83,0.35,-0.0,0.0,9.81,0.0,0.0,0.0
1.97,165.2,-6.83,0.35,-0.0,0.0,9.81,0.0,0.0,0.0
1.98,165.2,-6.83,0.35,-0.0,0.0,9.81,0.0,0.0,0.0
1.99,165.2,-6.83,0.35,-0.0,0.0,9.81,0.0,0.0,0.0
2.0,165.2,-6.83,0.35,-0.0,0.0,9.81,0.0,0.0,0.0
2.01,165.2,-6.83,0.35,-0.0,0.0,9.81,0.0,0.0,0.0
2.02,165.2,-6.83,0.35,-0.0,0.0,9.81,0.0,0.0,0.0
2.03,165.2,-6.83,0.35,-0.0,0.0,9.81,0.0,0.0,0.0
2.04,165.2,-6.83,0.35,-0.0,0.0,9.81,0.0,0.0,0.0
2.05,165.2,-6.83,0.35,-0.0,0.0,9.81,0.0,0.0,0.0
2.06,165.2,-6.83,0.35,-0.0,0.0,9.81,0.0,0.0,0.0
2.07,165.2,-6.83,0.35,-0.0,0.0,9.81,0.0,0.0,0.0
2.08,165.2,-6.83,0.35,-0.0,0.0,9.81,0.0,0.0,0.0
2.09,165.2,-6.83,0.35,-0.0,0.0,9.81,0.0,0.0,0.0
2.1,165.2,-6.83,0.35,-0.0,0.0,9.81,0.0,0.0,0.0
2.11,165.2,-6.83,0.35,-0.0,0.0,9.81,0.0,0.0,0.0
2.12,165.2,-6.83,0.35,-0.0,0.0,9.81,0.0,0.0,0.0
2.13,165.2,-6.83,0.35,-0.0,0.0,9.81,0.0,0.0,0.0
2.14,165.2,-6.83,0.35,-0.0,0.0,9.81,0.0,0.0,0.0
2.15,165.2,-6.83,0.35,-0.0,0.0,9.81,0.0,0.0,0.0
2.16,165.2,-6.83,0.35,-0.0,0.0,9.81,0.0,0.0,0.0
2.17,165.2,-6.83,0.35,-0.0,0.0,9.81,0.0,0.0,0.0
2.18,165.2,-6.83,0.35,-0.0,0.0,9.81,0.0,0.0,0.0
2.19,165.2,-6.83,0.35,-0.0,0.0,9.81,0.0,0.0,0.0
2.2,165.2,-6.83,0.35,-0.0,0.0,9.81,0.0,0.0,0.0
2.21,165.2,-6.83,0.35,-0.0,0.0,9.81,0.0,0.0,0.0
2.22,165.2,-6.83,0.35,-0.0,0.0,9.81,0.0,0.0,0.0
2.23,165.2,-6.83,0.35,-0.0,0.0,9.81,0.0,0.0,0.0
2.24,165.2,-6.83,0.35,-0.0,0.0,9.81,0.0,0.0,0.0
2.25,165.2,-6.83,0.35,-0.0,0.0,9.81,0.0,0.0,0.0
2.26,165.2,-6.83,0.35,-0.0,0.0,9.81,0.0,0.0,0.0
2.27,165.2,-6.83,0.35,-0.0,0.0,9.81,0.0,0.0,0.0
2.28,165.2,-6.83,0.35,-0.0,0.0,9.81,0.0,0.0,0.0
2.29,165.2,-6.83,0.35,-0.0,0.0,9.81,0.0,0.0,0.0
2.3,165.2,-6.83,0.35,-0.0,0.0,9.81,0.0,0.0,0.0
2.31,165.2,-6.83,0.35,-0.0,0.0,9.81,0.0,0.0,0.0
2.32,165.2,-6.83,0.35,-0.0,0.0,9.81,0.0,0.0,0.0
2.33,165.2,-6.83,0.35,-0.0,0.0,9.81,0.0,0.0,0.0
2.34,165.2,-6.83,0.35,-0.0,0.0,9.81,0.0,0.0,0.0
2.35,165.2,-6.83,0.35,-0.0,0.0,9.81,0.0,0.0,0.0
2.36,165.2,-6.83,0.35,-0.0,0.0,9.81,0.0,0.0,0.0
2.37,165.2,-6.83,0.35,-0.0,0.0,9.81,0.0,0.0,0.0
2.38,165.2,-6.83,0.35,-0.0,0.0,9.81,0.0,0.0,0.0
2.39,165.2,-6.83,0.35,-0.0,0.0,9.81,0.0,0.0,0.0
2.4,165.2,-6.83,0.35,-0.0,0.0,9.81,0.0,0.0,0.0
2.41,165.2,-6.83,0.35,-0.0,0.0,9.81,0.0,0.0,0.0
2.42,165.2,-6.83,0.35,-0.0,0.0,9.81,0.0,0.0,0.0
2.43,165.2,-6.83,0.35,-0.0,0.0,9.81,0.0,0.0,0.0
2.44,165.2,-6.83,0.35,-0.0,0.0,9.81,0.0,0.0,0.0
2.45,165.2,-6.83,0.35,-0.0,0.0,9.81,0.0,0.0,0.0
2.46,165.2,-6.83,0.35,-0.0,0.0,9.81,0.0,0.0,0.0
2.47,165.2,-6.83,0.35,-0.0,0.0,9.81,0.0,0.0,0.0
2.48,165.2,-6.83,0.35,-0.0,0.0,9.81,0.0,0.0,0.0
2.49,165.2,-6.83,0.35,-0.0,0.0,9.81,0.0,0.0,0.0
2.5,165.2,-6.83,0.35,-0.0,0.0,9.81,0.0,0.0,0.0
2.51,165.2,-6.83,0.35,-0.0,0.0,9.81,0.0,0.0,0.0
2.52,165.2,-6.83,0.35,-0.0,0.0,9.81,0.0,0.0,0.0
2.53,165.2,-6.83,0.35,-0.0,0.0,9.81,0.0,0.0,0.0
2.54,165.2,-6.83,0.35,-0.0,0.0,9.81,0.0,0.0,0.0
2.55,165.2,-6.83,0.35,-0.0,0.0,9.81,0.0,0.0,0.0
2.56,165.2,-6.83,0.35,-0.0,0.0,9.81,0.0,0.0,0.0
2.57,165.2,-6.83,0.35,-0.0,0.0,9.81,0.0,0.0,0.0
2.58,165.2,-6.83,0.35,-0.0,0.0,9.81,0.0,0.0,0.0
2.59,165.2,-6.83,0.35,-0.0,0.0,9.81,0.0,0.0,0.0
2.6,165.2,-6.83,0.35,-0.0,0.0,9.81,0.0,0.0,0.0
2.61,165.2,-6.83,0.35,-0.0,0.0,9.81,0.0,0.0,0.0
2.62,165.2,-6.83,0.35,-0.0,0.0,9.81,0.0,0.0,0.0
2.63,165.2,-6.83,0.35,-0.0,0.0,9.81,0.0,0.0,0.0
2.64,165.2,-6.83,0.35,-0.0,0.0,9.81,0.0,0.0,0.0
2.65,165.2,-6.83,0.35,-0.0,0.0,9.81,0.0,0.0,0.0
2.66,165.2,-6.83,0.35,-0.0,0.0,9.81,0.0,0.0,0.0
2.67,165.2,-6.83,0.35,-0.0,0.0,9.81,0.0,0.0,0.0
2.68,165.2,-6.83,0.35,-0.0,0.0,9.81,0.0,0.0,0.0
2.69,165.2,-6.83,0.35,-0.0,0.0,9.81,0.0,0.0,0.0
2.7,165.2,-6.83,0.35,-0.0,0.0,9.81,0.0,0.0,0.0
2.71,165.2,-6.83,0.35,-0.0,0.0,9.81,0.0,0.0,0.0
2.72,165.2,-6.83,0.35,-0.0,0.0,9.81,0.0,0.0,0.0
2.73,165.2,-6.83,0.35,-0.0,0.0,9.81,0.0,0.0,0.0
2.74,165.2,-6.83,0.35,-0.0,0.0,9.81,0.0,0.0,0.0
2.75,165.2,-6.83,0.35,-0.0,0.0,9.81,0.0,0.0,0.0
2.76,165.2,-6.83,0.35,-0.0,0.0,9.81,0.0,0.0,0.0
2.77,165.2,-6.83,0.35,-0.0,0.0,9.81,0.0,0.0,0.0
2.78,165.2,-6.83,0.35,-0.0,0.0,9.81,0.0,0.0,0.0
2.79,165.2,-6.83,0.35,-0.0,0.0,9.81,0.0,0.0,0.0
2.8,165.2,-6.83,0.35,-0.0,0.0,9.81,0.0,0.0,0.0
2.81,165.2,-6.83,0.35,-0.0,0.0,9.81,0.0,0.0,0.0
2.82,165.2,-6.83,0.35,-0.0,0.0,9.81,0.0,0.0,0.0
2.83,165.2,-6.83,0.35,-0.0,0.0,9.81,0.0,0.0,0.0
2.84,165.2,-6.83,0.35,-0.0,0.0,9.81,0.0,0.0,0.0
2.85,165.2,-6.83,0.35,-0.0,0.0,9.81,0.0,0.0,0.0
2.86,165.2,-6.83,0.35,-0.0,0.0,9.81,0.0,0.0,0.0
2.87,165.2,-6.83,0.35,-0.0,0.0,9.81,0.0,0.0,0.0
2.88,165.2,-6.83,0.35,-0.0,0.0,9.81,0.0,0.0,0.0
2.89,165.2,-6.83,0.35,-0.0,0.0,9.81,0.0,0.0,0.0
2.9,165.2,-6.83,0.35,-0.0,0.0,9.81,0.0,0.0,0.0
2.91,165.2,-6.83,0.35,-0.0,0.0,9.81,0.0,0.0,0.0
2.92,165.2,-6.83,0.35,-0.0,0.0,9.81,0.0,0.0,0.0
2.93,165.2,-6.83,0.35,-0.0,0.0,9.81,0.0,0.0,0.0
2.94,165.2,-6.83,0.35,-0.0,0.0,9.81,0.0,0.0,0.0
2.95,165.2,-6.83,0.35,-0.0,0.0,9.81,0.0,0.0,0.0
2.96,165.2,-6.83,0.35,-0.0,0.0,9.81,0.0,0.0,0.0
2.97,165.2,-6.83,0.35,-0.0,0.0,9.81,0.0,0.0,0.0
2.98,165.2,-6.83,0.35,-0.0,0.0,9.81,0.0,0.0,0.0
2.99,165.2,-6.83,0.35,-0.0,0.0,9.81,0.0,0.0,0.0
3.0,165.2,-6.83,0.35,-0.0,0.0,9.81,0.0,0.0,0.0
3.01,165.2,-6.83,0.35,-0.0,0.0,9.81,0.0,0.0,0.0
3.02,165.2,-6.83,0.35,-0.0,0.0,9.81,0.0,0.0,0.0
3.03,165.2,-6.83,0.35,-0.0,0.0,9.81,0.0,0.0,0.0
3.04,165.2,-6.83,0.35,-0.0,0.0,9.81,0.0,0.0,0.0
3.05,165.2,-6.83,0.35,-0.0,0.0,9.81,0.0,0.0,0.0
3.06,165.2,-6.83,0.35,-0.0,0.0,9.81,0.0,0.0,0.0
3.07,165.2,-6.83,0.35,-0.0,0.0,9.81,0.0,0.0,0.0
3.08,165.2,-6.83,0.35,-0.0,0.0,9.81,0.0,0.0,0.0
3.09,165.2,-6.83,0.35,-0.0,0.0,9.81,0.0,0.0,0.0
3.1,165.2,-6.83,0.35,-0.0,0.0,9.81,0.0,0.0,0.0
3.11,165.2,-6.83,0.35,-0.0,0.0,9.81,0.0,0.0,0.0
3.12,165.2,-6.83,0.35,-0.0,0.0,9.81,0.0,0.0,0.0
3.13,165.2,-6.83,0.35,-0.0,0.0,9.81,0.0,0.0,0.0
3.14,165.2,-6.83,0.35,-0.0,0.0,9.81,0.0,0.0,0.0
3.15,165.2,-6.83,0.35,-0.0,0.0,9.81,0.0,0.0,0.0
3.16,165.2,-6.83,0.35,-0.0,0.0,9.81,0.0,0.0,0.0
3.17,165.2,-6.83,0.35,-0.0,0.0,9.81,0.0,0.0,0.0
3.18,165.2,-6.83,0.35,-0.0,0.0,9.81,0.0,0.0,0.0
3.19,165.2,-6.83,0.35,-0.0,0.0,9.81,0.0,0.0,0.0
3.2,165.2,-6.83,0.35,-0.0,0.0,9.81,0.0,0.0,0.0
3.21,165.2,-6.83,0.35,-0.0,0.0,9.81,0.0,0.0,0.0
3.22,165.2,-6.83,0.35,-0.0,0.0,9.81,0.0,0.0,0.0
3.23,165.2,-6.83,0.35,-0.0,0.0,9.81,0.0,0.0,0.0
3.24,165.2,-6.83,0.35,-0.0,0.0,9.81,0.0,0.0,0.0
3.25,165.2,-6.83,0.35,-0.0,0.0,9.81,0.0,0.0,0.0
3.26,165.2,-6.83,0.35,-0.0,0.0,9.81,0.0,0.0,0.0
3.27,165.2,-6.83,0.35,-0.0,0.0,9.81,0.0,0.0,0.0
3.28,165.2,-6.83,0.35,-0.0,0.0,9.81,0.0,0.0,0.0
3.29,165.2,-6.83,0.35,-0.0,0.0,9.81,0.0,0.0,0.0
3.3,165.2,-6.83,0.35,-0.0,0.0,9.81,0.0,0.0,0.0
3.31,165.2,-6.83,0.35,-0.0,0.0,9.81,0.0,0.0,0.0
3.32,165.2,-6.83,0.35,-0.0,0.0,9.81,0.0,0.0,0.0
3.33,165.2,-6.83,0.35,-0.0,0.0,9.81,0.0,0.0,0.0
3.34,165.2,-6.83,0.35,-0.0,0.0,9.81,0.0,0.0,0.0
3.35,165.2,-6.83,0.35,-0.0,0.0,9.81,0.0,0.0,0.0
3.36,165.2,-6.83,0.35,-0.0,0.0,9.81,0.0,0.0,0.0
3.37,165.2,-6.83,0.35,-0.0,0.0,9.81,0.0,0.0,0.0
3.38,165.2,-6.83,0.35,-0.0,0.0,9.81,0.0,0.0,0.0
3.39,165.2,-6.83,0.35,-0.0,0.0,9.81,0.0,0.0,0.0
3.4,165.2,-6.83,0.35,-0.0,0.0,9.81,0.0,0.0,0.0
3.41,165.2,-6.83,0.35,-0.0,0.0,9.81,0.0,0.0,0.0
3.42,165.2,-6.83,0.35,-0.0,0.0,9.81,0.0,0.0,0.0
3.43,165.2,-6.83,0.35,-0.0,0.0,9.81,0.0,0.0,0.0
3.44,165.2,-6.83,0.35,-0.0,0.0,9.81,0.0,0.0,0.0
3.45,165.2,-6.83,0.35,-0.0,0.0,9.81,0.0,0.0,0.0
3.46,165.2,-6.83,0.35,-0.0,0.0,9.81,0.0,0.0,0.0
3.47,165.2,-6.83,0.35,-0.0,0.0,9.81,0.0,0.0,0.0
3.48,165.2,-6.83,0.35,-0.0,0.0,9.81,0.0,0.0,0.0
3.49,165.2,-6.83,0.35,-0.0,0.0,9.81,0.0,0.0,0.0
3.5,165.2,-6.83,0.35,-0.0,0.0,9.81,0.0,0.0,0.0
3.51,165.2,-6.83,0.35,-0.0,0.0,9.81,0.0,0.0,0.0
3.52,165.2,-6.83,0.35,-0.0,0.0,9.81,0.0,0.0,0.0
3.53,165.2,-6.83,0.35,-0.0,0.0,9.81,0.0,0.0,0.0
3.54,165.2,-6.83,0.35,-0.0,0.0,9.81,0.0,0.0,0.0
3.55,165.2,-6.83,0.35,-0.0,0.0,9.81,0.0,0.0,0.0
3.56,165.2,-6.83,0.35,-0.0,0.0,9.81,0.0,0.0,0.0
3.57,165.2,-6.83,0.35,-0.0,0.0,9.81,0.0,0.0,0.0
3.58,165.2,-6.83,0.35,-0.0,0.0,9.81,0.0,0.0,0.0
3.59,165.2,-6.83,0.35,-0.0,0.0,9.81,0.0,0.0,0.0
3.6,165.2,-6.83,0.35,-0.0,0.0,9.81,0.0,0.0,0.0
3.61,165.2,-6.83,0.35,-0.0,0.0,9.81,0.0,0.0,0.0
3.62,165.2,-6.83,0.35,-0.0,0.0,9.81,0.0,0.0,0.0
3.63,165.2,-6.83,0.35,-0.0,0.0,9.81,0.0,0.0,0.0
3.64,165.2,-6.83,0.35,-0.0,0.0,9.81,0.0,0.0,0.0
3.65,165.2,-6.83,0.35,-0.0,0.0,9.81,0.0,0.0,0.0
3.66,165.2,-6.83,0.35,-0.0,0.0,9.81,0.0,0.0,0.0
3.67,165.2,-6.83,0.35,-0.0,0.0,9.81,0.0,0.0,0.0
3.68,165.2,-6.83,0.35,-0.0,0.0,9.81,0.0,0.0,0.0
3.69,165.2,-6.83,0.35,-0.0,0.0,9.81,0.0,0.0,0.0
3.7,165.2,-6.83,0.35,-0.0,0.0,9.81,0.0,0.0,0.0
3.71,165.2,-6.83,0.35,-0.0,0.0,9.81,0.0,0.0,0.0
3.72,165.2,-6.83,0.35,-0.0,0.0,9.81,0.0,0.0,0.0
3.73,165.2,-6.83,0.35,-0.0,0.0,9.81,0.0,0.0,0.0
3.74,165.2,-6.83,0.35,-0.0,0.0,9.81,0.0,0.0,0.0
3.75,165.2,-6.83,0.35,-0.0,0.0,9.81,0.0,0.0,0.0
3.76,165.2,-6.83,0.35,-0.0,0.0,9.81,0.0,0.0,0.0
3.77,165.2,-6.83,0.35,-0.0,0.0,9.81,0.0,0.0,0.0
3.78,165.2,-6.83,0.35,-0.0,0.0,9.81,0.0,0.0,0.0
3.79,165.2,-6.83,0.35,-0.0,0.0,9.81,0.0,0.0,0.0
3.8,165.2,-6.83,0.35,-0.0,0.0,9.81,0.0,0.0,0.0
3.81,165.2,-6.83,0.35,-0.0,0.0,9.81,0.0,0.0,0.0
3.82,165.2,-6.83,0.35,-0.0,0.0,9.81,0.0,0.0,0.0
3.83,165.2,-6.83,0.35,-0.0,0.0,9.81,0.0,0.0,0.0
3.84,165.2,-6.83,0.35,-0.0,0.0,9.81,0.0,0.0,0.0
3.85,165.2,-6.83,0.35,-0.0,0.0,9.81,0.0,0.0,0.0
3.86,165.2,-6.83,0.35,-0.0,0.0,9.81,0.0,0.0,0.0
3.87,165.2,-6.83,0.35,-0.0,0.0,9.81,0.0,0.0,0.0
3.88,165.2,-6.83,0.35,-0.0,0.0,9.81,0.0,0.0,0.0
3.89,165.2,-6.83,0.35,-0.0,0.0,9.81,0.0,0.0,0.0
3.9,165.2,-6.83,0.35,-0.0,0.0,9.81,0.0,0.0,0.0
3.91,165.2,-6.83,0.35,-0.0,0.0,9.81,0.0,0.0,0.0
3.92,165.2,-6.83,0.35,-0.0,0.0,9.81,0.0,0.0,0.0
3.93,165.2,-6.83,0.35,-0.0,0.0,9.81,0.0,0.0,0.0
3.94,165.2,-6.83,0.35,-0.0,0.0,9.81,0.0,0.0,0.0
3.95,165.2,-6.83,0.35,-0.0,0.0,9.81,0.0,0.0,0.0
3.96,165.2,-6.83,0.35,-0.0,0.0,9.81,0.0,0.0,0.0
3.97,165.2,-6.83,0.35,-0.0,0.0,9.81,0.0,0.0,0.0
3.98,165.2,-6.83,0.35,-0.0,0.0,9.81,0.0,0.0,0.0
3.99,165.2,-6.83,0.35,-0.0,0.0,9.81,0.0,0.0,0.0
4.0,165.2,-6.83,0.35,-0.0,0.0,9.81,0.0,0.0,0.0
4.01,165.2,-6.83,0.35,-0.0,0.0,9.81,0.0,0.0,0.0
4.02,165.2,-6.83,0.35,-0.0,0.0,9.81,0.0,0.0,0.0
4.03,165.2,-6.83,0.35,-0.0,0.0,9.81,0.0,0.0,0.0
4.04,165.2,-6.83,0.35,-0.0,0.0,9.81,0.0,0.0,0.0
4.05,165.2,-6.83,0.35,-0.0,0.0,9.81,0.0,0.0,0.0
4.06,165.2,-6.83,0.35,-0.0,0.0,9.81,0.0,0.0,0.0
4.07,165.2,-6.83,0.35,-0.0,0.0,9.81,0.0,0.0,0.0
4.08,165.2,-6.83,0.35,-0.0,0.0,9.81,0.0,0.0,0.0
4.09,165.2,-6.83,0.35,-0.0,0.0,9.81,0.0,0.0,0.0
4.1,165.2,-6.83,0.35,-0.0,0.0,9.81,0.0,0.0,0.0
4.11,165.2,-6.83,0.35,-0.0,0.0,9.81,0.0,0.0,0.0
4.12,165.2,-6.83,0.35,-0.0,0.0,9.81,0.0,0.0,0.0
4.13,165.2,-6.83,0.35,-0.0,0.0,9.81,0.0,0.0,0.0
4.14,165.2,-6.83,0.35,-0.0,0.0,9.81,0.0,0.0,0.0
4.15,165.2,-6.83,0.35,-0.0,0.0,9.81,0.0,0.0,0.0
4.16,165.2,-6.83,0.35,-0.0,0.0,9.81,0.0,0.0,0.0
4.17,165.2,-6.83,0.35,-0.0,0.0,9.81,0.0,0.0,0.0
4.18,165.2,-6.83,0.35,-0.0,0.0,9.81,0.0,0.0,0.0
4.19,165.2,-6.83,0.35,-0.0,0.0,9.81,0.0,0.0,0.0
4.2,165.2,-6.83,0.35,-0.0,0.0,9.81,0.0,0.0,0.0
4.21,165.2,-6.83,0.35,-0.0,0.0,9.81,0.0,0.0,0.0
4.22,165.2,-6.83,0.35,-0.0,0.0,9.81,0.0,0.0,0.0
4.23,165.2,-6.83,0.35,-0.0,0.0,9.81,0.0,0.0,0.0
4.24,165.2,-6.83,0.35,-0.0,0.0,9.81,0.0,0.0,0.0
4.25,165.2,-6.83,0.35,-0.0,0.0,9.81,0.0,0.0,0.0
4.26,165.2,-6.83,0.35,-0.0,0.0,9.81,0.0,0.0,0.0
4.27,165.2,-6.83,0.35,-0.0,0.0,9.81,0.0,0.0,0.0
4.28,165.2,-6.83,0.35,-0.0,0.0,9.81,0.0,0.0,0.0
4.29,165.2,-6.83,0.35,-0.0,0.0,9.81,0.0,0.0,0.0
4.3,165.2,-6.83,0.35,-0.0,0.0,9.81,0.0,0.0,0.0
4.31,165.2,-6.83,0.35,-0.0,0.0,9.81,0.0,0.0,0.0
4.32,165.2,-6.83,0.35,-0.0,0.0,9.81,0.0,0.0,0.0
4.33,165.2,-6.83,0.35,-0.0,0.0,9.81,0.0,0.0,0.0
4.34,165.2,-6.83,0.35,-0.0,0.0,9.81,0.0,0.0,0.0
4.35,165.2,-6.83,0.35,-0.0,0.0,9.81,0.0,0.0,0.0
4.36,165.2,-6.83,0.35,-0.0,0.0,9.81,0.0,0.0,0.0
4.37,165.2,-6.83,0.35,-0.0,0.0,9.81,0.0,0.0,0.0
4.38,165.2,-6.83,0.35,-0.0,0.0,9.81,0.0,0.0,0.0
4.39,165.2,-6.83,0.35,-0.0,0.0,9.81,0.0,0.0,0.0
4.4,165.2,-6.83,0.35,-0.0,0.0,9.81,0.0,0.0,0.0
4.41,165.2,-6.83,0.35,-0.0,0.0,9.81,0.0,0.0,0.0
4.42,165.2,-6.83,0.35,-0.0,0.0,9.81,0.0,0.0,0.0
4.43,165.2,-6.83,0.35,-0.0,0.0,9.81,0.0,0.0,0.0
4.44,165.2,-6.83,0.35,-0.0,0.0,9.81,0.0,0.0,0.0
4.45,165.2,-6.83,0.35,-0.0,0.0,9.81,0.0,0.0,0.0
4.46,165.2,-6.83,0.35,-0.0,0.0,9.81,0.0,0.0,0.0
4.47,165.2,-6.83,0.35,-0.0,0.0,9.81,0.0,0.0,0.0
4.48,165.2,-6.83,0.35,-0.0,0.0,9.81,0.0,0.0,0.0
4.49,165.2,-6.83,0.35,-0.0,0.0,9.81,0.0,0.0,0.0
4.5,165.2,-6.83,0.35,-0.0,0.0,9.81,0.0,0.0,0.0
4.51,165.2,-6.83,0.35,-0.0,0.0,9.81,0.0,0.0,0.0
4.52,165.2,-6.83,0.35,-0.0,0.0,9.81,0.0,0.0,0.0
4.53,165.2,-6.83,0.35,-0.0,0.0,9.81,0.0,0.0,0.0
4.54,165.2,-6.83,0.35,-0.0,0.0,9.81,0.0,0.0,0.0
4.55,165.2,-6.83,0.35,-0.0,0.0,9.81,0.0,0.0,0.0
4.56,165.2,-6.83,0.35,-0.0,0.0,9.81,0.0,0.0,0.0
4.57,165.2,-6.83,0.35,-0.0,0.0,9.81,0.0,0.0,0.0
4.58,165.2,-6.83,0.35,-0.0,0.0,9.81,0.0,0.0,0.0
4.59,165.2,-6.83,0.35,-0.0,0.0,9.81,0.0,0.0,0.0
4.6,165.2,-6.83,0.35,-0.0,0.0,9.81,0.0,0.0,0.0
4.61,165.2,-6.83,0.35,-0.0,0.0,9.81,0.0,0.0,0.0
4.62,165.2,-6.83,0.35,-0.0,0.0,9.81,0.0,0.0,0.0
4.63,165.2,-6.83,0.35,-0.0,0.0,9.81,0.0,0.0,0.0
4.64,165.2,-6.83,0.35,-0.0,0.0,9.81,0.0,0.0,0.0
4.65,165.2,-6.83,0.35,-0.0,0.0,9.81,0.0,0.0,0.0
4.66,165.2,-6.83,0.35,-0.0,0.0,9.81,0.0,0.0,0.0
4.67,165.2,-6.83,0.35,-0.0,0.0,9.81,0.0,0.0,0.0
4.68,165.2,-6.83,0.35,-0.0,0.0,9.81,0.0,0.0,0.0
4.69,165.2,-6.83,0.35,-0.0,0.0,9.81,0.0,0.0,0.0
4.7,165.2,-6.83,0.35,-0.0,0.0,9.81,0.0,0.0,0.0
4.71,165.2,-6.83,0.35,-0.0,0.0,9.81,0.0,0.0,0.0
4.72,165.2,-6.83,0.35,-0.0,0.0,9.81,0.0,0.0,0.0
4.73,165.2,-6.83,0.35,-0.0,0.0,9.81,0.0,0.0,0.0
4.74,165.2,-6.83,0.35,-0.0,0.0,9.81,0.0,0.0,0.0
4.75,165.2,-6.83,0.35,-0.0,0.0,9.81,0.0,0.0,0.0
4.76,165.2,-6.83,0.35,-0.0,0.0,9.81,0.0,0.0,0.0
4.77,165.2,-6.83,0.35,-0.0,0.0,9.81,0.0,0.0,0.0
4.78,165.2,-6.83,0.35,-0.0,0.0,9.81,0.0,0.0,0.0
4.79,165.2,-6.83,0.35,-0.0,0.0,9.81,0.0,0.0,0.0
4.8,165.2,-6.83,0.35,-0.0,0.0,9.81,0.0,0.0,0.0
4.81,165.2,-6.83,0.35,-0.0,0.0,9.81,0.0,0.0,0.0
4.82,165.2,-6.83,0.35,-0.0,0.0,9.81,0.0,0.0,0.0
4.83,165.2,-6.83,0.35,-0.0,0.0,9.81,0.0,0.0,0.0
4.84,165.2,-6.83,0.35,-0.0,0.0,9.81,0.0,0.0,0.0
4.85,165.2,-6.83,0.35,-0.0,0.0,9.81,0.0,0.0,0.0
4.86,165.2,-6.83,0.35,-0.0,0.0,9.81,0.0,0.0,0.0
4.87,165.2,-6.83,0.35,-0.0,0.0,9.81,0.0,0.0,0.0
4.88,165.2,-6.83,0.35,-0.0,0.0,9.81,0.0,0.0,0.0
4.89,165.2,-6.83,0.35,-0.0,0.0,9.81,0.0,0.0,0.0
4.9,165.2,-6.83,0.35,-0.0,0.0,9.81,0.0,0.0,0.0
4.91,165.2,-6.83,0.35,-0.0,0.0,9.81,0.0,0.0,0.0
4.92,165.2,-6.83,0.35,-0.0,0.0,9.81,0.0,0.0,0.0
4.93,165.2,-6.83,0.35,-0.0,0.0,9.81,0.0,0.0,0.0
4.94,165.2,-6.83,0.35,-0.0,0.0,9.81,0.0,0.0,0.0
4.95,165.2,-6.83,0.35,-0.0,0.0,9.81,0.0,0.0,0.0
4.96,165.2,-6.83,0.35,-0.0,0.0,9.81,0.0,0.0,0.0
4.97,165.2,-6.83,0.35,-0.0,0.0,9.81,0.0,0.0,0.0
4.98,165.2,-6.83,0.35,-0.0,0.0,9.81,0.0,0.0,0.0
4.99,165.2,-6.83,0.35,-0.0,0.0,9.81,0.0,0.0,0.0
5.0,165.2,-6.83,0.35,-0.0,0.0,9.81,0.0,0.0,0.0
5.01,165.2,-6.83,0.35,-0.0,0.0,9.81,0.0,0.0,0.0
5.02,165.2,-6.83,0.35,-0.0,0.0,9.81,0.0,0.0,0.0
5.03,165.2,-6.83,0.35,-0.0,0.0,9.81,0.0,0.0,0.0
5.04,165.2,-6.83,0.35,-0.0,0.0,9.81,0.0,0.0,0.0
5.05,165.2,-6.83,0.35,-0.0,0.0,9.81,0.0,0.0,0.0
5.06,165.2,-6.83,0.35,-0.0,0.0,9.81,0.0,0.0,0.0
5.07,165.2,-6.83,0.35,-0.0,0.0,9.81,0.0,0.0,0.0
5.08,165.2,-6.83,0.35,-0.0,0.0,9.81,0.0,0.0,0.0
5.09,165.2,-6.83,0.35,-0.0,0.0,9.81,0.0,0.0,0.0
5.1,165.2,-6.83,0.35,-0.0,0.0,9.81,0.0,0.0,0.0
5.11,165.2,-6.83,0.35,-0.0,0.0,9.81,0.0,0.0,0.0
5.12,165.2,-6.83,0.35,-0.0,0.0,9.81,0.0,0.0,0.0
5.13,165.2,-6.83,0.35,-0.0,0.0,9.81,0.0,0.0,0.0
5.14,165.2,-6.83,0.35,-0.0,0.0,9.81,0.0,0.0,0.0
5.15,165.2,-6.83,0.35,-0.0,0.0,9.81,0.0,0.0,0.0
5.16,165.2,-6.83,0.35,-0.0,0.0,9.81,0.0,0.0,0.0
5.17,165.2,-6.83,0.35,-0.0,0.0,9.81,0.0,0.0,0.0
5.18,165.2,-6.83,0.35,-0.0,0.0,9.81,0.0,0.0,0.0
5.19,165.2,-6.83,0.35,-0.0,0.0,9.81,0.0,0.0,0.0
5.2,165.2,-6.83,0.35,-0.0,0.0,9.81,0.0,0.0,0.0
5.21,165.2,-6.83,0.35,-0.0,0.0,9.81,0.0,0.0,0.0
5.22,165.2,-6.83,0.35,-0.0,0.0,9.81,0.0,0.0,0.0
5.23,165.2,-6.83,0.35,-0.0,0.0,9.81,0.0,0.0,0.0
5.24,165.2,-6.83,0.35,-0.0,0.0,9.81,0.0,0.0,0.0
5.25,165.2,-6.83,0.35,-0.0,0.0,9.81,0.0,0.0,0.0
5.26,165.2,-6.83,0.35,-0.0,0.0,9.81,0.0,0.0,0.0
5.27,165.2,-6.83,0.35,-0.0,0.0,9.81,0.0,0.0,0.0
5.28,165.2,-6.83,0.35,-0.0,0.0,9.81,0.0,0.0,0.0
5.29,165.2,-6.83,0.35,-0.0,0.0,9.81,0.0,0.0,0.0
5.3,165.2,-6.83,0.35,-0.0,0.0,9.81,0.0,0.0,0.0
5.31,165.2,-6.83,0.35,-0.0,0.0,9.81,0.0,0.0,0.0
5.32,165.2,-6.83,0.35,-0.0,0.0,9.81,0.0,0.0,0.0
5.33,165.2,-6.83,0.35,-0.0,0.0,9.81,0.0,0.0,0.0
5.34,165.2,-6.83,0.35,-0.0,0.0,9.81,0.0,0.0,0.0
5.35,165.2,-6.83,0.35,-0.0,0.0,9.81,0.0,0.0,0.0
5.36,165.2,-6.83,0.35,-0.0,0.0,9.81,0.0,0.0,0.0
5.37,165.2,-6.83,0.35,-0.0,0.0,9.81,0.0,0.0,0.0
5.38,165.2,-6.83,0.35,-0.0,0.0,9.81,0.0,0.0,0.0
5.39,165.2,-6.83,0.35,-0.0,0.0,9.81,0.0,0.0,0.0
5.4,165.2,-6.83,0.35,-0.0,0.0,9.81,0.0,0.0,0.0
5.41,165.2,-6.83,0.35,-0.0,0.0,9.81,0.0,0.0,0.0
5.42,165.2,-6.83,0.35,-0.0,0.0,9.81,0.0,0.0,0.0
5.43,165.2,-6.83,0.35,-0.0,0.0,9.81,0.0,0.0,0.0
5.44,165.2,-6.83,0.35,-0.0,0.0,9.81,0.0,0.0,0.0
5.45,165.2,-6.83,0.35,-0.0,0.0,9.81,0.0,0.0,0.0
5.46,165.2,-6.83,0.35,-0.0,0.0,9.81,0.0,0.0,0.0
5.47,165.2,-6.83,0.35,-0.0,0.0,9.81,0.0,0.0,0.0
5.48,165.2,-6.83,0.35,-0.0,0.0,9.81,0.0,0.0,0.0
5.49,165.2,-6.83,0.35,-0.0,0.0,9.81,0.0,0.0,0.0
5.5,165.2,-6.83,0.35,-0.0,0.0,9.81,0.0,0.0,0.0
5.51,165.2,-6.83,0.35,-0.0,0.0,9.81,0.0,0.0,0.0
5.52,165.2,-6.83,0.35,-0.0,0.0,9.81,0.0,0.0,0.0
5.53,165.2,-6.83,0.35,-0.0,0.0,9.81,0.0,0.0,0.0
5.54,165.2,-6.83,0.35,-0.0,0.0,9.81,0.0,0.0,0.0
5.55,165.2,-6.83,0.35,-0.0,0.0,9.81,0.0,0.0,0.0
5.56,165.2,-6.83,0.35,-0.0,0.0,9.81,0.0,0.0,0.0
5.57,165.2,-6.83,0.35,-0.0,0.0,9.81,0.0,0.0,0.0
5.58,165.2,-6.83,0.35,-0.0,0.0,9.81,0.0,0.0,0.0
5.59,165.2,-6.83,0.35,-0.0,0.0,9.81,0.0,0.0,0.0
5.6,165.2,-6.83,0.35,-0.0,0.0,9.81,0.0,0.0,0.0
5.61,165.2,-6.83,0.35,-0.0,0.0,9.81,0.0,0.0,0.0
5.62,165.2,-6.83,0.35,-0.0,0.0,9.81,0.0,0.0,0.0
5.63,165.2,-6.83,0.35,-0.0,0.0,9.81,0.0,0.0,0.0
5.64,165.2,-6.83,0.35,-0.0,0.0,9.81,0.0,0.0,0.0
5.65,165.2,-6.83,0.35,-0.0,0.0,9.81,0.0,0.0,0.0
5.66,165.2,-6.83,0.35,-0.0,0.0,9.81,0.0,0.0,0.0
5.67,165.2,-6.83,0.35,-0.0,0.0,9.81,0.0,0.0,0.0
5.68,165.2,-6.83,0.35,-0.0,0.0,9.81,0.0,0.0,0.0
5.69,165.2,-6.83,0.35,-0.0,0.0,9.81,0.0,0.0,0.0
5.7,165.2,-6.83,0.35,-0.0,0.0,9.81,0.0,0.0,0.0
5.71,165.2,-6.83,0.35,-0.0,0.0,9.81,0.0,0.0,0.0
5.72,165.2,-6.83,0.35,-0.0,0.0,9.81,0.0,0.0,0.0
5.73,165.2,-6.83,0.35,-0.0,0.0,9.81,0.0,0.0,0.0
5.74,165.2,-6.83,0.35,-0.0,0.0,9.81,0.0,0.0,0.0
5.75,165.2,-6.83,0.35,-0.0,0.0,9.81,0.0,0.0,0.0
5.76,165.2,-6.83,0.35,-0.0,0.0,9.81,0.0,0.0,0.0
5.77,165.2,-6.83,0.35,-0.0,0.0,9.81,0.0,0.0,0.0
5.78,165.2,-6.83,0.35,-0.0,0.0,9.81,0.0,0.0,0.0
5.79,165.2,-6.83,0.35,-0.0,0.0,9.81,0.0,0.0,0.0
5.8,165.2,-6.83,0.35,-0.0,0.0,9.81,0.0,0.0,0.0
5.81,165.2,-6.83,0.35,-0.0,0.0,9.81,0.0,0.0,0.0
5.82,165.2,-6.83,0.35,-0.0,0.0,9.81,0.0,0.0,0.0
5.83,165.2,-6.83,0.35,-0.0,0.0,9.81,0.0,0.0,0.0
5.84,165.2,-6.83,0.35,-0.0,0.0,9.81,0.0,0.0,0.0
5.85,165.2,-6.83,0.35,-0.0,0.0,9.81,0.0,0.0,0.0
5.86,165.2,-6.83,0.35,-0.0,0.0,9.81,0.0,0.0,0.0
5.87,165.2,-6.83,0.35,-0.0,0.0,9.81,0.0,0.0,0.0
5.88,165.2,-6.83,0.35,-0.0,0.0,9.81,0.0,0.0,0.0
5.89,165.2,-6.83,0.35,-0.0,0.0,9.81,0.0,0.0,0.0
5.9,165.2,-6.83,0.35,-0.0,0.0,9.81,0.0,0.0,0.0
5.91,165.2,-6.83,0.35,-0.0,0.0,9.81,0.0,0.0,0.0
5.92,165.2,-6.83,0.35,-0.0,0.0,9.81,0.0,0.0,0.0
5.93,165.2,-6.83,0.35,-0.0,0.0,9.81,0.0,0.0,0.0
5.94,165.2,-6.83,0.35,-0.0,0.0,9.81,0.0,0.0,0.0
5.95,165.2,-6.83,0.35,-0.0,0.0,9.81,0.0,0.0,0.0
5.96,165.2,-6.83,0.35,-0.0,0.0,9.81,0.0,0.0,0.0
5.97,165.2,-6.83,0.35,-0.0,0.0,9.81,0.0,0.0,0.0
5.98,165.2,-6.83,0.35,-0.0,0.0,9.81,0.0,0.0,0.0
5.99,165.2,-6.83,0.35,-0.0,0.0,9.81,0.0,0.0,0.0
6.0,165.2,-6.83,0.35,-0.0,0.0,9.81,0.0,0.0,0.0
6.01,165.2,-6.83,0.35,-0.0,0.0,9.81,0.0,0.0,0.0
6.02,165.2,-6.83,0.35,-0.0,0.0,9.81,0.0,0.0,0.0
6.03,165.2,-6.83,0.35,-0.0,0.0,9.81,0.0,0.0,0.0
6.04,165.2,-6.83,0.35,-0.0,0.0,9.81,0.0,0.0,0.0
6.05,165.2,-6.83,0.35,-0.0,0.0,9.81,0.0,0.0,0.0
6.06,165.2,-6.83,0.35,-0.0,0.0,9.81,0.0,0.0,0.0
6.07,165.2,-6.83,0.35,-0.0,0.0,9.81,0.0,0.0,0.0
6.08,165.2,-6.83,0.35,-0.0,0.0,9.81,0.0,0.0,0.0
6.09,165.2,-6.83,0.35,-0.0,0.0,9.81,0.0,0.0,0.0
6.1,165.2,-6.83,0.35,-0.0,0.0,9.81,0.0,0.0,0.0
6.11,165.2,-6.83,0.35,-0.0,0.0,9.81,0.0,0.0,0.0
6.12,165.2,-6.83,0.35,-0.0,0.0,9.81,0.0,0.0,0.0
6.13,165.2,-6.83,0.35,-0.0,0.0,9.81,0.0,0.0,0.0
6.14,165.2,-6.83,0.35,-0.0,0.0,9.81,0.0,0.0,0.0
6.15,165.2,-6.83,0.35,-0.0,0.0,9.81,0.0,0.0,0.0
6.16,165.2,-6.83,0.35,-0.0,0.0,9.81,0.0,0.0,0.0
6.17,165.2,-6.83,0.35,-0.0,0.0,9.81,0.0,0.0,0.0
6.18,165.2,-6.83,0.35,-0.0,0.0,9.81,0.0,0.0,0.0
6.19,165.2,-6.83,0.35,-0.0,0.0,9.81,0.0,0.0,0.0
6.2,165.2,-6.83,0.35,-0.0,0.0,9.81,0.0,0.0,0.0
6.21,165.2,-6.83,0.35,-0.0,0.0,9.81,0.0,0.0,0.0
6.22,165.2,-6.83,0.35,-0.0,0.0,9.81,0.0,0.0,0.0
6.23,165.2,-6.83,0.35,-0.0,0.0,9.81,0.0,0.0,0.0
6.24,165.2,-6.83,0.35,-0.0,0.0,9.81,0.0,0.0,0.0
6.25,165.2,-6.83,0.35,-0.0,0.0,9.81,0.0,0.0,0.0
6.26,165.2,-6.83,0.35,-0.0,0.0,9.81,0.0,0.0,0.0
6.27,165.2,-6.83,0.35,-0.0,0.0,9.81,0.0,0.0,0.0
6.28,165.2,-6.83,0.35,-0.0,0.0,9.81,0.0,0.0,0.0
6.29,165.2,-6.83,0.35,-0.0,0.0,9.81,0.0,0.0,0.0
6.3,165.2,-6.83,0.35,-0.0,0.0,9.81,0.0,0.0,0.0
6.31,165.2,-6.83,0.35,-0.0,0.0,9.81,0.0,0.0,0.0
6.32,165.2,-6.83,0.35,-0.0,0.0,9.81,0.0,0.0,0.0
6.33,165.2,-6.83,0.35,-0.0,0.0,9.81,0.0,0.0,0.0
6.34,165.2,-6.83,0.35,-0.0,0.0,9.81,0.0,0.0,0.0
6.35,165.2,-6.83,0.35,-0.0,0.0,9.81,0.0,0.0,0.0
6.36,165.2,-6.83,0.35,-0.0,0.0,9.81,0.0,0.0,0.0
6.37,165.2,-6.83,0.35,-0.0,0.0,9.81,0.0,0.0,0.0
6.38,165.2,-6.83,0.35,-0.0,0.0,9.81,0.0,0.0,0.0
6.39,165.2,-6.83,0.35,-0.0,0.0,9.81,0.0,0.0,0.0
6.4,165.2,-6.83,0.35,-0.0,0.0,9.81,0.0,0.0,0.0
6.41,165.2,-6.83,0.35,-0.0,0.0,9.81,0.0,0.0,0.0
6.42,165.2,-6.83,0.35,-0.0,0.0,9.81,0.0,0.0,0.0
6.43,165.2,-6.83,0.35,-0.0,0.0,9.81,0.0,0.0,0.0
6.44,165.2,-6.83,0.35,-0.0,0.0,9.81,0.0,0.0,0.0
6.45,165.2,-6.83,0.35,-0.0,0.0,9.81,0.0,0.0,0.0
6.46,165.2,-6.83,0.35,-0.0,0.0,9.81,0.0,0.0,0.0
6.47,165.2,-6.83,0.35,-0.0,0.0,9.81,0.0,0.0,0.0
6.48,165.2,-6.83,0.35,-0.0,0.0,9.81,0.0,0.0,0.0
6.49,165.2,-6.83,0.35,-0.0,0.0,9.81,0.0,0.0,0.0
6.5,165.2,-6.83,0.35,-0.0,0.0,9.81,0.0,0.0,0.0
6.51,165.2,-6.83,0.35,-0.0,0.0,9.81,0.0,0.0,0.0
6.52,165.2,-6.83,0.35,-0.0,0.0,9.81,0.0,0.0,0.0
6.53,165.2,-6.83,0.35,-0.0,0.0,9.81,0.0,0.0,0.0
6.54,165.2,-6.83,0.35,-0.0,0.0,9.81,0.0,0.0,0.0
6.55,165.2,-6.83,0.35,-0.0,0.0,9.81,0.0,0.0,0.0
6.56,165.2,-6.83,0.35,-0.0,0.0,9.81,0.0,0.0,0.0
6.57,165.2,-6.83,0.35,-0.0,0.0,9.81,0.0,0.0,0.0
6.58,165.2,-6.83,0.35,-0.0,0.0,9.81,0.0,0.0,0.0
6.59,165.2,-6.83,0.35,-0.0,0.0,9.81,0.0,0.0,0.0
6.6,165.2,-6.83,0.35,-0.0,0.0,9.81,0.0,0.0,0.0
6.61,165.2,-6.83,0.35,-0.0,0.0,9.81,0.0,0.0,0.0
6.62,165.2,-6.83,0.35,-0.0,0.0,9.81,0.0,0.0,0.0
6.63,165.2,-6.83,0.35,-0.0,0.0,9.81,0.0,0.0,0.0
6.64,165.2,-6.83,0.35,-0.0,0.0,9.81,0.0,0.0,0.0
6.65,165.2,-6.83,0.35,-0.0,0.0,9.81,0.0,0.0,0.0
6.66,165.2,-6.83,0.35,-0.0,0.0,9.81,0.0,0.0,0.0
6.67,165.2,-6.83,0.35,-0.0,0.0,9.81,0.0,0.0,0.0
6.68,165.2,-6.83,0.35,-0.0,0.0,9.81,0.0,0.0,0.0
6.69,165.2,-6.83,0.35,-0.0,0.0,9.81,0.0,0.0,0.0
6.7,165.2,-6.83,0.35,-0.0,0.0,9.81,0.0,0.0,0.0
6.71,165.2,-6.83,0.35,-0.0,0.0,9.81,0.0,0.0,0.0
6.72,165.2,-6.83,0.35,-0.0,0.0,9.81,0.0,0.0,0.0
6.73,165.2,-6.83,0.35,-0.0,0.0,9.81,0.0,0.0,0.0
6.74,165.2,-6.83,0.35,-0.0,0.0,9.81,0.0,0.0,0.0
6.75,165.2,-6.83,0.35,-0.0,0.0,9.81,0.0,0.0,0.0
6.76,165.2,-6.83,0.35,-0.0,0.0,9.81,0.0,0.0,0.0
6.77,165.2,-6.83,0.35,-0.0,0.0,9.81,0.0,0.0,0.0
6.78,165.2,-6.83,0.35,-0.0,0.0,9.81,0.0,0.0,0.0
6.79,165.2,-6.83,0.35,-0.0,0.0,9.81,0.0,0.0,0.0
6.8,165.2,-6.83,0.35,-0.0,0.0,9.81,0.0,0.0,0.0
6.81,165.2,-6.83,0.35,-0.0,0.0,9.81,0.0,0.0,0.0
6.82,165.2,-6.83,0.35,-0.0,0.0,9.81,0.0,0.0,0.0
6.83,165.2,-6.83,0.35,-0.0,0.0,9.81,0.0,0.0,0.0
6.84,165.2,-6.83,0.35,-0.0,0.0,9.81,0.0,0.0,0.0
6.85,165.2,-6.83,0.35,-0.0,0.0,9.81,0.0,0.0,0.0
6.86,165.2,-6.83,0.35,-0.0,0.0,9.81,0.0,0.0,0.0
6.87,165.2,-6.83,0.35,-0.0,0.0,9.81,0.0,0.0,0.0
6.88,165.2,-6.83,0.35,-0.0,0.0,9.81,0.0,0.0,0.0
6.89,165.2,-6.83,0.35,-0.0,0.0,9.81,0.0,0.0,0.0
6.9,165.2,-6.83,0.35,-0.0,0.0,9.81,0.0,0.0,0.0
6.91,165.2,-6.83,0.35,-0.0,0.0,9.81,0.0,0.0,0.0
6.92,165.2,-6.83,0.35,-0.0,0.0,9.81,0.0,0.0,0.0
6.93,165.2,-6.83,0.35,-0.0,0.0,9.81,0.0,0.0,0.0
6.94,165.2,-6.83,0.35,-0.0,0.0,9.81,0.0,0.0,0.0
6.95,165.2,-6.83,0.35,-0.0,0.0,9.81,0.0,0.0,0.0
6.96,165.2,-6.83,0.35,-0.0,0.0,9.81,0.0,0.0,0.0
6.97,165.2,-6.83,0.35,-0.0,0.0,9.81,0.0,0.0,0.0
6.98,165.2,-6.83,0.35,-0.0,0.0,9.81,0.0,0.0,0.0
6.99,165.2,-6.83,0.35,-0.0,0.0,9.81,0.0,0.0,0.0
7.0,165.2,-6.83,0.35,-0.0,0.0,9.81,0.0,0.0,0.0
7.01,165.2,-6.83,0.35,-0.0,0.0,9.81,0.0,0.0,0.0
7.02,165.2,-6.83,0.35,-0.0,0.0,9.81,0.0,0.0,0.0
7.03,165.2,-6.83,0.35,-0.0,0.0,9.81,0.0,0.0,0.0
7.04,165.2,-6.83,0.35,-0.0,0.0,9.81,0.0,0.0,0.0
7.05,165.2,-6.83,0.35,-0.0,0.0,9.81,0.0,0.0,0.0
7.06,165.2,-6.83,0.35,-0.0,0.0,9.81,0.0,0.0,0.0
7.07,165.2,-6.83,0.35,-0.0,0.0,9.81,0.0,0.0,0.0
7.08,165.2,-6.83,0.35,-0.0,0.0,9.81,0.0,0.0,0.0
7.09,165.2,-6.83,0.35,-0.0,0.0,9.81,0.0,0.0,0.0
7.1,165.2,-6.83,0.35,-0.0,0.0,9.81,0.0,0.0,0.0
7.11,165.2,-6.83,0.35,-0.0,0.0,9.81,0.0,0.0,0.0
7.12,165.2,-6.83,0.35,-0.0,0.0,9.81,0.0,0.0,0.0
7.13,165.2,-6.83,0.35,-0.0,0.0,9.81,0.0,0.0,0.0
7.14,165.2,-6.83,0.35,-0.0,0.0,9.81,0.0,0.0,0.0
7.15,165.2,-6.83,0.35,-0.0,0.0,9.81,0.0,0.0,0.0
7.16,165.2,-6.83,0.35,-0.0,0.0,9.81,0.0,0.0,0.0
7.17,165.2,-6.83,0.35,-0.0,0.0,9.81,0.0,0.0,0.0
7.18,165.2,-6.83,0.35,-0.0,0.0,9.81,0.0,0.0,0.0
7.19,165.2,-6.83,0.35,-0.0,0.0,9.81,0.0,0.0,0.0
7.2,165.2,-6.83,0.35,-0.0,0.0,9.81,0.0,0.0,0.0
7.21,165.2,-6.83,0.35,-0.0,0.0,9.81,0.0,0.0,0.0
7.22,165.2,-6.83,0.35,-0.0,0.0,9.81,0.0,0.0,0.0
7.23,165.2,-6.83,0.35,-0.0,0.0,9.81,0.0,0.0,0.0
7.24,165.2,-6.83,0.35,-0.0,0.0,9.81,0.0,0.0,0.0
7.25,165.2,-6.83,0.35,-0.0,0.0,9.81,0.0,0.0,0.0
7.26,165.2,-6.83,0.35,-0.0,0.0,9.81,0.0,0.0,0.0
7.27,165.2,-6.83,0.35,-0.0,0.0,9.81,0.0,0.0,0.0
7.28,165.2,-6.83,0.35,-0.0,0.0,9.81,0.0,0.0,0.0
7.29,165.2,-6.83,0.35,-0.0,0.0,9.81,0.0,0.0,0.0
7.3,165.2,-6.83,0.35,-0.0,0.0,9.81,0.0,0.0,0.0
7.31,165.2,-6.83,0.35,-0.0,0.0,9.81,0.0,0.0,0.0
7.32,165.2,-6.83,0.35,-0.0,0.0,9.81,0.0,0.0,0.0
7.33,165.2,-6.83,0.35,-0.0,0.0,9.81,0.0,0.0,0.0
7.34,165.2,-6.83,0.35,-0.0,0.0,9.81,0.0,0.0,0.0
7.35,165.2,-6.83,0.35,-0.0,0.0,9.81,0.0,0.0,0.0
7.36,165.2,-6.83,0.35,-0.0,0.0,9.81,0.0,0.0,0.0
7.37,165.2,-6.83,0.35,-0.0,0.0,9.81,0.0,0.0,0.0
7.38,165.2,-6.83,0.35,-0.0,0.0,9.81,0.0,0.0,0.0
7.39,165.2,-6.83,0.35,-0.0,0.0,9.81,0.0,0.0,0.0
7.4,165.2,-6.83,0.35,-0.0,0.0,9.81,0.0,0.0,0.0
7.41,165.2,-6.83,0.35,-0.0,0.0,9.81,0.0,0.0,0.0
7.42,165.2,-6.83,0.35,-0.0,0.0,9.81,0.0,0.0,0.0
7.43,165.2,-6.83,0.35,-0.0,0.0,9.81,0.0,0.0,0.0
7.44,165.2,-6.83,0.35,-0.0,0.0,9.81,0.0,0.0,0.0
7.45,165.2,-6.83,0.35,-0.0,0.0,9.81,0.0,0.0,0.0
7.46,165.2,-6.83,0.35,-0.0,0.0,9.81,0.0,0.0,0.0
7.47,165.2,-6.83,0.35,-0.0,0.0,9.81,0.0,0.0,0.0
7.48,165.2,-6.83,0.35,-0.0,0.0,9.81,0.0,0.0,0.0
7.49,165.2,-6.83,0.35,-0.0,0.0,9.81,0.0,0.0,0.0
7.5,165.2,-6.83,0.35,-0.0,0.0,9.81,0.0,0.0,0.0
7.51,165.2,-6.83,0.35,-0.0,0.0,9.81,0.0,0.0,0.0
7.52,165.2,-6.83,0.35,-0.0,0.0,9.81,0.0,0.0,0.0
7.53,165.2,-6.83,0.35,-0.0,0.0,9.81,0.0,0.0,0.0
7.54,165.2,-6.83,0.35,-0.0,0.0,9.81,0.0,0.0,0.0
7.55,165.2,-6.83,0.35,-0.0,0.0,9.81,0.0,0.0,0.0
7.56,165.2,-6.83,0.35,-0.0,0.0,9.81,0.0,0.0,0.0
7.57,165.2,-6.83,0.35,-0.0,0.0,9.81,0.0,0.0,0.0
7.58,165.2,-6.83,0.35,-0.0,0.0,9.81,0.0,0.0,0.0
7.59,165.2,-6.83,0.35,-0.0,0.0,9.81,0.0,0.0,0.0
7.6,165.2,-6.83,0.35,-0.0,0.0,9.81,0.0,0.0,0.0
7.61,165.2,-6.83,0.35,-0.0,0.0,9.81,0.0,0.0,0.0
7.62,165.2,-6.83,0.35,-0.0,0.0,9.81,0.0,0.0,0.0
7.63,165.2,-6.83,0.35,-0.0,0.0,9.81,0.0,0.0,0.0
7.64,165.2,-6.83,0.35,-0.0,0.0,9.81,0.0,0.0,0.0
7.65,165.2,-6.83,0.35,-0.0,0.0,9.81,0.0,0.0,0.0
7.66,165.2,-6.83,0.35,-0.0,0.0,9.81,0.0,0.0,0.0
7.67,165.2,-6.83,0.35,-0.0,0.0,9.81,0.0,0.0,0.0
7.68,165.2,-6.83,0.35,-0.0,0.0,9.81,0.0,0.0,0.0
7.69,165.2,-6.83,0.35,-0.0,0.0,9.81,0.0,0.0,0.0
7.7,165.2,-6.83,0.35,-0.0,0.0,9.81,0.0,0.0,0.0
7.71,165.2,-6.83,0.35,-0.0,0.0,9.81,0.0,0.0,0.0
7.72,165.2,-6.83,0.35,-0.0,0.0,9.81,0.0,0.0,0.0
7.73,165.2,-6.83,0.35,-0.0,0.0,9.81,0.0,0.0,0.0
7.74,165.2,-6.83,0.35,-0.0,0.0,9.81,0.0,0.0,0.0
7.75,165.2,-6.83,0.35,-0.0,0.0,9.81,0.0,0.0,0.0
7.76,165.2,-6.83,0.35,-0.0,0.0,9.81,0.0,0.0,0.0
7.77,165.2,-6.83,0.35,-0.0,0.0,9.81,0.0,0.0,0.0
7.78,165.2,-6.83,0.35,-0.0,0.0,9.81,0.0,0.0,0.0
7.79,165.2,-6.83,0.35,-0.0,0.0,9.81,0.0,0.0,0.0
7.8,165.2,-6.83,0.35,-0.0,0.0,9.81,0.0,0.0,0.0
7.81,165.2,-6.83,0.35,-0.0,0.0,9.81,0.0,0.0,0.0
7.82,165.2,-6.83,0.35,-0.0,0.0,9.81,0.0,0.0,0.0
7.83,165.2,-6.83,0.35,-0.0,0.0,9.81,0.0,0.0,0.0
7.84,165.2,-6.83,0.35,-0.0,0.0,9.81,0.0,0.0,0.0
7.85,165.2,-6.83,0.35,-0.0,0.0,9.81,0.0,0.0,0.0
7.86,165.2,-6.83,0.35,-0.0,0.0,9.81,0.0,0.0,0.0
7.87,165.2,-6.83,0.35,-0.0,0.0,9.81,0.0,0.0,0.0
7.88,165.2,-6.83,0.35,-0.0,0.0,9.81,0.0,0.0,0.0
7.89,165.2,-6.83,0.35,-0.0,0.0,9.81,0.0,0.0,0.0
7.9,165.2,-6.83,0.35,-0.0,0.0,9.81,0.0,0.0,0.0
7.91,165.2,-6.83,0.35,-0.0,0.0,9.81,0.0,0.0,0.0
7.92,165.2,-6.83,0.35,-0.0,0.0,9.81,0.0,0.0,0.0
7.93,165.2,-6.83,0.35,-0.0,0.0,9.81,0.0,0.0,0.0
7.94,165.2,-6.83,0.35,-0.0,0.0,9.81,0.0,0.0,0.0
7.95,165.2,-6.83,0.35,-0.0,0.0,9.81,0.0,0.0,0.0
7.96,165.2,-6.83,0.35,-0.0,0.0,9.81,0.0,0.0,0.0
7.97,165.2,-6.83,0.35,-0.0,0.0,9.81,0.0,0.0,0.0
7.98,165.2,-6.83,0.35,-0.0,0.0,9.81,0.0,0.0,0.0
7.99,165.2,-6.83,0.35,-0.0,0.0,9.81,0.0,0.0,0.0
8.0,165.2,-6.83,0.35,-0.0,0.0,9.81,0.0,0.0,0.0
8.01,165.2,-6.83,0.35,-0.0,0.0,9.81,0.0,0.0,0.0
8.02,165.2,-6.83,0.35,-0.0,0.0,9.81,0.0,0.0,0.0
8.03,165.2,-6.83,0.35,-0.0,0.0,9.81,0.0,0.0,0.0
8.04,165.2,-6.83,0.35,-0.0,0.0,9.81,0.0,0.0,0.0
8.05,165.2,-6.83,0.35,-0.0,0.0,9.81,0.0,0.0,0.0
8.06,165.2,-6.83,0.35,-0.0,0.0,9.81,0.0,0.0,0.0
8.07,165.2,-6.83,0.35,-0.0,0.0,9.81,0.0,0.0,0.0
8.08,165.2,-6.83,0.35,-0.0,0.0,9.81,0.0,0.0,0.0
8.09,165.2,-6.83,0.35,-0.0,0.0,9.81,0.0,0.0,0.0
8.1,165.2,-6.83,0.35,-0.0,0.0,9.81,0.0,0.0,0.0
8.11,165.2,-6.83,0.35,-0.0,0.0,9.81,0.0,0.0,0.0
8.12,165.2,-6.83,0.35,-0.0,0.0,9.81,0.0,0.0,0.0
8.13,165.2,-6.83,0.35,-0.0,0.0,9.81,0.0,0.0,0.0
8.14,165.2,-6.83,0.35,-0.0,0.0,9.81,0.0,0.0,0.0
8.15,165.2,-6.83,0.35,-0.0,0.0,9.81,0.0,0.0,0.0
8.16,165.2,-6.83,0.35,-0.0,0.0,9.81,0.0,0.0,0.0
8.17,165.2,-6.83,0.35,-0.0,0.0,9.81,0.0,0.0,0.0
8.18,165.2,-6.83,0.35,-0.0,0.0,9.81,0.0,0.0,0.0
8.19,165.2,-6.83,0.35,-0.0,0.0,9.81,0.0,0.0,0.0
8.2,165.2,-6.83,0.35,-0.0,0.0,9.81,0.0,0.0,0.0
8.21,165.2,-6.83,0.35,-0.0,0.0,9.81,0.0,0.0,0.0
8.22,165.2,-6.83,0.35,-0.0,0.0,9.81,0.0,0.0,0.0
8.23,165.2,-6.83,0.35,-0.0,0.0,9.81,0.0,0.0,0.0
8.24,165.2,-6.83,0.35,-0.0,0.0,9.81,0.0,0.0,0.0
8.25,165.2,-6.83,0.35,-0.0,0.0,9.81,0.0,0.0,0.0
8.26,165.2,-6.83,0.35,-0.0,0.0,9.81,0.0,0.0,0.0
8.27,165.2,-6.83,0.35,-0.0,0.0,9.81,0.0,0.0,0.0
8.28,165.2,-6.83,0.35,-0.0,0.0,9.81,0.0,0.0,0.0
8.29,165.2,-6.83,0.35,-0.0,0.0,9.81,0.0,0.0,0.0
8.3,165.2,-6.83,0.35,-0.0,0.0,9.81,0.0,0.0,0.0
8.31,165.2,-6.83,0.35,-0.0,0.0,9.81,0.0,0.0,0.0
8.32,165.2,-6.83,0.35,-0.0,0.0,9.81,0.0,0.0,0.0
8.33,165.2,-6.83,0.35,-0.0,0.0,9.81,0.0,0.0,0.0
8.34,165.2,-6.83,0.35,-0.0,0.0,9.81,0.0,0.0,0.0
8.35,165.2,-6.83,0.35,-0.0,0.0,9.81,0.0,0.0,0.0
8.36,165.2,-6.83,0.35,-0.0,0.0,9.81,0.0,0.0,0.0
8.37,165.2,-6.83,0.35,-0.0,0.0,9.81,0.0,0.0,0.0
8.38,165.2,-6.83,0.35,-0.0,0.0,9.81,0.0,0.0,0.0
8.39,165.2,-6.83,0.35,-0.0,0.0,9.81,0.0,0.0,0.0
8.4,165.2,-6.83,0.35,-0.0,0.0,9.81,0.0,0.0,0.0
8.41,165.2,-6.83,0.35,-0.0,0.0,9.81,0.0,0.0,0.0
8.42,165.2,-6.83,0.35,-0.0,0.0,9.81,0.0,0.0,0.0
8.43,165.2,-6.83,0.35,-0.0,0.0,9.81,0.0,0.0,0.0
8.44,165.2,-6.83,0.35,-0.0,0.0,9.81,0.0,0.0,0.0
8.45,165.2,-6.83,0.35,-0.0,0.0,9.81,0.0,0.0,0.0
8.46,165.2,-6.83,0.35,-0.0,0.0,9.81,0.0,0.0,0.0
8.47,165.2,-6.83,0.35,-0.0,0.0,9.81,0.0,0.0,0.0
8.48,165.2,-6.83,0.35,-0.0,0.0,9.81,0.0,0.0,0.0
8.49,165.2,-6.83,0.35,-0.0,0.0,9.81,0.0,0.0,0.0
8.5,165.2,-6.83,0.35,-0.0,0.0,9.81,0.0,0.0,0.0
8.51,165.2,-6.83,0.35,-0.0,0.0,9.81,0.0,0.0,0.0
8.52,165.2,-6.83,0.35,-0.0,0.0,9.81,0.0,0.0,0.0
8.53,165.2,-6.83,0.35,-0.0,0.0,9.81,0.0,0.0,0.0
8.54,165.2,-6.83,0.35,-0.0,0.0,9.81,0.0,0.0,0.0
8.55,165.2,-6.83,0.35,-0.0,0.0,9.81,0.0,0.0,0.0
8.56,165.2,-6.83,0.35,-0.0,0.0,9.81,0.0,0.0,0.0
8.57,165.2,-6.83,0.35,-0.0,0.0,9.81,0.0,0.0,0.0
8.58,165.2,-6.83,0.35,-0.0,0.0,9.81,0.0,0.0,0.0
8.59,165.2,-6.83,0.35,-0.0,0.0,9.81,0.0,0.0,0.0
8.6,165.2,-6.83,0.35,-0.0,0.0,9.81,0.0,0.0,0.0
8.61,165.2,-6.83,0.35,-0.0,0.0,9.81,0.0,0.0,0.0
8.62,165.2,-6.83,0.35,-0.0,0.0,9.81,0.0,0.0,0.0
8.63,165.2,-6.83,0.35,-0.0,0.0,9.81,0.0,0.0,0.0
8.64,165.2,-6.83,0.35,-0.0,0.0,9.81,0.0,0.0,0.0
8.65,165.2,-6.83,0.35,-0.0,0.0,9.81,0.0,0.0,0.0
8.66,165.2,-6.83,0.35,-0.0,0.0,9.81,0.0,0.0,0.0
8.67,165.2,-6.83,0.35,-0.0,0.0,9.81,0.0,0.0,0.0
8.68,165.2,-6.83,0.35,-0.0,0.0,9.81,0.0,0.0,0.0
8.69,165.2,-6.83,0.35,-0.0,0.0,9.81,0.0,0.0,0.0
8.7,165.2,-6.83,0.35,-0.0,0.0,9.81,0.0,0.0,0.0
8.71,165.2,-6.83,0.35,-0.0,0.0,9.81,0.0,0.0,0.0
8.72,165.2,-6.83,0.35,-0.0,0.0,9.81,0.0,0.0,0.0
8.73,165.2,-6.83,0.35,-0.0,0.0,9.81,0.0,0.0,0.0
8.74,165.2,-6.83,0.35,-0.0,0.0,9.81,0.0,0.0,0.0
8.75,165.2,-6.83,0.35,-0.0,0.0,9.81,0.0,0.0,0.0
8.76,165.2,-6.83,0.35,-0.0,0.0,9.81,0.0,0.0,0.0
8.77,165.2,-6.83,0.35,-0.0,0.0,9.81,0.0,0.0,0.0
8.78,165.2,-6.83,0.35,-0.0,0.0,9.81,0.0,0.0,0.0
8.79,165.2,-6.83,0.35,-0.0,0.0,9.81,0.0,0.0,0.0
8.8,165.2,-6.83,0.35,-0.0,0.0,9.81,0.0,0.0,0.0
8.81,165.2,-6.83,0.35,-0.0,0.0,9.81,0.0,0.0,0.0
8.82,165.2,-6.83,0.35,-0.0,0.0,9.81,0.0,0.0,0.0
8.83,165.2,-6.83,0.35,-0.0,0.0,9.81,0.0,0.0,0.0
8.84,165.2,-6.83,0.35,-0.0,0.0,9.81,0.0,0.0,0.0
8.85,165.2,-6.83,0.35,-0.0,0.0,9.81,0.0,0.0,0.0
8.86,165.2,-6.83,0.35,-0.0,0.0,9.81,0.0,0.0,0.0
8.87,165.2,-6.83,0.35,-0.0,0.0,9.81,0.0,0.0,0.0
8.88,165.2,-6.83,0.35,-0.0,0.0,9.81,0.0,0.0,0.0
8.89,165.2,-6.83,0.35,-0.0,0.0,9.81,0.0,0.0,0.0
8.9,165.2,-6.83,0.35,-0.0,0.0,9.81,0.0,0.0,0.0
8.91,165.2,-6.83,0.35,-0.0,0.0,9.81,0.0,0.0,0.0
8.92,165.2,-6.83,0.35,-0.0,0.0,9.81,0.0,0.0,0.0
8.93,165.2,-6.83,0.35,-0.0,0.0,9.81,0.0,0.0,0.0
8.94,165.2,-6.83,0.35,-0.0,0.0,9.81,0.0,0.0,0.0
8.95,165.2,-6.83,0.35,-0.0,0.0,9.81,0.0,0.0,0.0
8.96,165.2,-6.83,0.35,-0.0,0.0,9.81,0.0,0.0,0.0
8.97,165.2,-6.83,0.35,-0.0,0.0,9.81,0.0,0.0,0.0
8.98,165.2,-6.83,0.35,-0.0,0.0,9.81,0.0,0.0,0.0
8.99,165.2,-6.83,0.35,-0.0,0.0,9.81,0.0,0.0,0.0
9.0,165.2,-6.83,0.35,-0.0,0.0,9.81,0.0,0.0,0.0
9.01,165.2,-6.83,0.35,-0.0,0.0,9.81,0.0,0.0,0.0
9.02,165.2,-6.83,0.35,-0.0,0.0,9.81,0.0,0.0,0.0
9.03,165.2,-6.83,0.35,-0.0,0.0,9.81,0.0,0.0,0.0
9.04,165.2,-6.83,0.35,-0.0,0.0,9.81,0.0,0.0,0.0
9.05,165.2,-6.83,0.35,-0.0,0.0,9.81,0.0,0.0,0.0
9.06,165.2,-6.83,0.35,-0.0,0.0,9.81,0.0,0.0,0.0
9.07,165.2,-6.83,0.35,-0.0,0.0,9.81,0.0,0.0,0.0
9.08,165.2,-6.83,0.35,-0.0,0.0,9.81,0.0,0.0,0.0
9.09,165.2,-6.83,0.35,-0.0,0.0,9.81,0.0,0.0,0.0
9.1,165.2,-6.83,0.35,-0.0,0.0,9.81,0.0,0.0,0.0
9.11,165.2,-6.83,0.35,-0.0,0.0,9.81,0.0,0.0,0.0
9.12,165.2,-6.83,0.35,-0.0,0.0,9.81,0.0,0.0,0.0
9.13,165.2,-6.83,0.35,-0.0,0.0,9.81,0.0,0.0,0.0
9.14,165.2,-6.83,0.35,-0.0,0.0,9.81,0.0,0.0,0.0
9.15,165.2,-6.83,0.35,-0.0,0.0,9.81,0.0,0.0,0.0
9.16,165.2,-6.83,0.35,-0.0,0.0,9.81,0.0,0.0,0.0
9.17,165.2,-6.83,0.35,-0.0,0.0,9.81,0.0,0.0,0.0
9.18,165.2,-6.83,0.35,-0.0,0.0,9.81,0.0,0.0,0.0
9.19,165.2,-6.83,0.35,-0.0,0.0,9.81,0.0,0.0,0.0
9.2,165.2,-6.83,0.35,-0.0,0.0,9.81,0.0,0.0,0.0
9.21,165.2,-6.83,0.35,-0.0,0.0,9.81,0.0,0.0,0.0
9.22,165.2,-6.83,0.35,-0.0,0.0,9.81,0.0,0.0,0.0
9.23,165.2,-6.83,0.35,-0.0,0.0,9.81,0.0,0.0,0.0
9.24,165.2,-6.83,0.35,-0.0,0.0,9.81,0.0,0.0,0.0
9.25,165.2,-6.83,0.35,-0.0,0.0,9.81,0.0,0.0,0.0
9.26,165.2,-6.83,0.35,-0.0,0.0,9.81,0.0,0.0,0.0
9.27,165.2,-6.83,0.35,-0.0,0.0,9.81,0.0,0.0,0.0
9.28,165.2,-6.83,0.35,-0.0,0.0,9.81,0.0,0.0,0.0
9.29,165.2,-6.83,0.35,-0.0,0.0,9.81,0.0,0.0,0.0
9.3,165.2,-6.83,0.35,-0.0,0.0,9.81,0.0,0.0,0.0
9.31,165.2,-6.83,0.35,-0.0,0.0,9.81,0.0,0.0,0.0
9.32,165.2,-6.83,0.35,-0.0,0.0,9.81,0.0,0.0,0.0
9.33,165.2,-6.83,0.35,-0.0,0.0,9.81,0.0,0.0,0.0
9.34,165.2,-6.83,0.35,-0.0,0.0,9.81,0.0,0.0,0.0
9.35,165.2,-6.83,0.35,-0.0,0.0,9.81,0.0,0.0,0.0
9.36,165.2,-6.83,0.35,-0.0,0.0,9.81,0.0,0.0,0.0
9.37,165.2,-6.83,0.35,-0.0,0.0,9.81,0.0,0.0,0.0
9.38,165.2,-6.83,0.35,-0.0,0.0,9.81,0.0,0.0,0.0
9.39,165.2,-6.83,0.35,-0.0,0.0,9.81,0.0,0.0,0.0
9.4,165.2,-6.83,0.35,-0.0,0.0,9.81,0.0,0.0,0.0
9.41,165.2,-6.83,0.35,-0.0,0.0,9.81,0.0,0.0,0.0
9.42,165.2,-6.83,0.35,-0.0,0.0,9.81,0.0,0.0,0.0
9.43,165.2,-6.83,0.35,-0.0,0.0,9.81,0.0,0.0,0.0
9.44,165.2,-6.83,0.35,-0.0,0.0,9.81,0.0,0.0,0.0
9.45,165.2,-6.83,0.35,-0.0,0.0,9.81,0.0,0.0,0.0
9.46,165.2,-6.83,0.35,-0.0,0.0,9.81,0.0,0.0,0.0
9.47,165.2,-6.83,0.35,-0.0,0.0,9.81,0.0,0.0,0.0
9.48,165.2,-6.83,0.35,-0.0,0.0,9.81,0.0,0.0,0.0
9.49,165.2,-6.83,0.35,-0.0,0.0,9.81,0.0,0.0,0.0
9.5,165.2,-6.83,0.35,-0.0,0.0,9.81,0.0,0.0,0.0
9.51,165.2,-6.83,0.35,-0.0,0.0,9.81,0.0,0.0,0.0
9.52,165.2,-6.83,0.35,-0.0,0.0,9.81,0.0,0.0,0.0
9.53,165.2,-6.83,0.35,-0.0,0.0,9.81,0.0,0.0,0.0
9.54,165.2,-6.83,0.35,-0.0,0.0,9.81,0.0,0.0,0.0
9.55,165.2,-6.83,0.35,-0.0,0.0,9.81,0.0,0.0,0.0
9.56,165.2,-6.83,0.35,-0.0,0.0,9.81,0.0,0.0,0.0
9.57,165.2,-6.83,0.35,-0.0,0.0,9.81,0.0,0.0,0.0
9.58,165.2,-6.83,0.35,-0.0,0.0,9.81,0.0,0.0,0.0
9.59,165.2,-6.83,0.35,-0.0,0.0,9.81,0.0,0.0,0.0
9.6,165.2,-6.83,0.35,-0.0,0.0,9.81,0.0,0.0,0.0
9.61,165.2,-6.83,0.35,-0.0,0.0,9.81,0.0,0.0,0.0
9.62,165.2,-6.83,0.35,-0.0,0.0,9.81,0.0,0.0,0.0
9.63,165.2,-6.83,0.35,-0.0,0.0,9.81,0.0,0.0,0.0
9.64,165.2,-6.83,0.35,-0.0,0.0,9.81,0.0,0.0,0.0
9.65,165.2,-6.83,0.35,-0.0,0.0,9.81,0.0,0.0,0.0
9.66,165.2,-6.83,0.35,-0.0,0.0,9.81,0.0,0.0,0.0
9.67,165.2,-6.83,0.35,-0.0,0.0,9.81,0.0,0.0,0.0
9.68,165.2,-6.83,0.35,-0.0,0.0,9.81,0.0,0.0,0.0
9.69,165.2,-6.83,0.35,-0.0,0.0,9.81,0.0,0.0,0.0
9.7,165.2,-6.83,0.35,-0.0,0.0,9.81,0.0,0.0,0.0
9.71,165.2,-6.83,0.35,-0.0,0.0,9.81,0.0,0.0,0.0
9.72,165.2,-6.83,0.35,-0.0,0.0,9.81,0.0,0.0,0.0
9.73,165.2,-6.83,0.35,-0.0,0.0,9.81,0.0,0.0,0.0
9.74,165.2,-6.83,0.35,-0.0,0.0,9.81,0.0,0.0,0.0
9.75,165.2,-6.83,0.35,-0.0,0.0,9.81,0.0,0.0,0.0
9.76,165.2,-6.83,0.35,-0.0,0.0,9.81,0.0,0.0,0.0
9.77,165.2,-6.83,0.35,-0.0,0.0,9.81,0.0,0.0,0.0
9.78,165.2,-6.83,0.35,-0.0,0.0,9.81,0.0,0.0,0.0
9.79,165.2,-6.83,0.35,-0.0,0.0,9.81,0.0,0.0,0.0
9.8,165.2,-6.83,0.35,-0.0,0.0,9.81,0.0,0.0,0.0
9.81,165.2,-6.83,0.35,-0.0,0.0,9.81,0.0,0.0,0.0
9.82,165.2,-6.83,0.35,-0.0,0.0,9.81,0.0,0.0,0.0
9.83,165.2,-6.83,0.35,-0.0,0.0,9.81,0.0,0.0,0.0
9.84,165.2,-6.83,0.35,-0.0,0.0,9.81,0.0,0.0,0.0
9.85,165.2,-6.83,0.35,-0.0,0.0,9.81,0.0,0.0,0.0
9.86,165.2,-6.83,0.35,-0.0,0.0,9.81,0.0,0.0,0.0
9.87,165.2,-6.83,0.35,-0.0,0.0,9.81,0.0,0.0,0.0
9.88,165.2,-6.83,0.35,-0.0,0.0,9.81,0.0,0.0,0.0
9.89,165.2,-6.83,0.35,-0.0,0.0,9.81,0.0,0.0,0.0
9.9,165.2,-6.83,0.35,-0.0,0.0,9.81,0.0,0.0,0.0
9.91,165.2,-6.83,0.35,-0.0,0.0,9.81,0.0,0.0,0.0
9.92,165.2,-6.83,0.35,-0.0,0.0,9.81,0.0,0.0,0.0
9.93,165.2,-6.83,0.35,-0.0,0.0,9.81,0.0,0.0,0.0
9.94,165.2,-6.83,0.35,-0.0,0.0,9.81,0.0,0.0,0.0
9.95,165.2,-6.83,0.35,-0.0,0.0,9.81,0.0,0.0,0.0
9.96,165.2,-6.83,0.35,-0.0,0.0,9.81,0.0,0.0,0.0
9.97,165.2,-6.83,0.35,-0.0,0.0,9.81,0.0,0.0,0.0
9.98,165.2,-6.83,0.35,-0.0,0.0,9.81,0.0,0.0,0.0
9.99,165.2,-6.83,0.35,-0.0,0.0,9.81,0.0,0.0,0.0
10.0,165.2,-6.83,0.35,-0.0,0.0,9.81,0.0,0.0,0.0
10.01,165.2,-6.83,0.35,-0.0,0.0,9.81,0.0,0.0,0.0
10.02,165.2,-6.83,0.35,-0.0,0.0,9.81,0.0,0.0,0.0
10.03,165.2,-6.83,0.35,-0.0,0.0,9.81,0.0,0.0,0.0
10.04,165.2,-6.83,0.35,-0.0,0.0,9.81,0.0,0.0,0.0
10.05,165.2,-6.83,0.35,-0.0,0.0,9.81,0.0,0.0,0.0
10.06,165.2,-6.83,0.35,-0.0,0.0,9.81,0.0,0.0,0.0
10.07,165.2,-6.83,0.35,-0.0,0.0,9.81,0.0,0.0,0.0
10.08,165.2,-6.83,0.35,-0.0,0.0,9.81,0.0,0.0,0.0
10.09,165.2,-6.83,0.35,-0.0,0.0,9.81,0.0,0.0,0.0
10.1,165.2,-6.83,0.35,-0.0,0.0,9.81,0.0,0.0,0.0
10.11,165.2,-6.83,0.35,-0.0,0.0,9.81,0.0,0.0,0.0
10.12,165.2,-6.83,0.35,-0.0,0.0,9.81,0.0,0.0,0.0
10.13,165.2,-6.83,0.35,-0.0,0.0,9.81,0.0,0.0,0.0
10.14,165.2,-6.83,0.35,-0.0,0.0,9.81,0.0,0.0,0.0
10.15,165.2,-6.83,0.35,-0.0,0.0,9.81,0.0,0.0,0.0
10.16,165.2,-6.83,0.35,-0.0,0.0,9.81,0.0,0.0,0.0
10.17,165.2,-6.83,0.35,-0.0,0.0,9.81,0.0,0.0,0.0
10.18,165.2,-6.83,0.35,-0.0,0.0,9.81,0.0,0.0,0.0
10.19,165.2,-6.83,0.35,-0.0,0.0,9.81,0.0,0.0,0.0
10.2,165.2,-6.83,0.35,-0.0,0.0,9.81,0.0,0.0,0.0
10.21,165.2,-6.83,0.35,-0.0,0.0,9.81,0.0,0.0,0.0
10.22,165.2,-6.83,0.35,-0.0,0.0,9.81,0.0,0.0,0.0
10.23,165.2,-6.83,0.35,-0.0,0.0,9.81,0.0,0.0,0.0
10.24,165.2,-6.83,0.35,-0.0,0.0,9.81,0.0,0.0,0.0
10.25,165.2,-6.83,0.35,-0.0,0.0,9.81,0.0,0.0,0.0
10.26,165.2,-6.83,0.35,-0.0,0.0,9.81,0.0,0.0,0.0
10.27,165.2,-6.83,0.35,-0.0,0.0,9.81,0.0,0.0,0.0
10.28,165.2,-6.83,0.35,-0.0,0.0,9.81,0.0,0.0,0.0
10.29,165.2,-6.83,0.35,-0.0,0.0,9.81,0.0,0.0,0.0
10.3,165.2,-6.83,0.35,-0.0,0.0,9.81,0.0,0.0,0.0
10.31,165.2,-6.83,0.35,-0.0,0.0,9.81,0.0,0.0,0.0
10.32,165.2,-6.83,0.35,-0.0,0.0,9.81,0.0,0.0,0.0
10.33,165.2,-6.83,0.35,-0.0,0.0,9.81,0.0,0.0,0.0
10.34,165.2,-6.83,0.35,-0.0,0.0,9.81,0.0,0.0,0.0
10.35,165.2,-6.83,0.35,-0.0,0.0,9.81,0.0,0.0,0.0
10.36,165.2,-6.83,0.35,-0.0,0.0,9.81,0.0,0.0,0.0
10.37,165.2,-6.83,0.35,-0.0,0.0,9.81,0.0,0.0,0.0
10.38,165.2,-6.83,0.35,-0.0,0.0,9.81,0.0,0.0,0.0
10.39,165.2,-6.83,0.35,-0.0,0.0,9.81,0.0,0.0,0.0
10.4,165.2,-6.83,0.35,-0.0,0.0,9.81,0.0,0.0,0.0
10.41,165.2,-6.83,0.35,-0.0,0.0,9.81,0.0,0.0,0.0
10.42,165.2,-6.83,0.35,-0.0,0.0,9.81,0.0,0.0,0.0
10.43,165.2,-6.83,0.35,-0.0,0.0,9.81,0.0,0.0,0.0
10.44,165.2,-6.83,0.35,-0.0,0.0,9.81,0.0,0.0,0.0
10.45,165.2,-6.83,0.35,-0.0,0.0,9.81,0.0,0.0,0.0
10.46,165.2,-6.83,0.35,-0.0,0.0,9.81,0.0,0.0,0.0
10.47,165.2,-6.83,0.35,-0.0,0.0,9.81,0.0,0.0,0.0
10.48,165.2,-6.83,0.35,-0.0,0.0,9.81,0.0,0.0,0.0
10.49,165.2,-6.83,0.35,-0.0,0.0,9.81,0.0,0.0,0.0
10.5,165.2,-6.83,0.35,-0.0,0.0,9.81,0.0,0.0,0.0
10.51,165.2,-6.83,0.35,-0.0,0.0,9.81,0.0,0.0,0.0
10.52,165.2,-6.83,0.35,-0.0,0.0,9.81,0.0,0.0,0.0
10.53,165.2,-6.83,0.35,-0.0,0.0,9.81,0.0,0.0,0.0
10.54,165.2,-6.83,0.35,-0.0,0.0,9.81,0.0,0.0,0.0
10.55,165.2,-6.83,0.35,-0.0,0.0,9.81,0.0,0.0,0.0
10.56,165.2,-6.83,0.35,-0.0,0.0,9.81,0.0,0.0,0.0
10.57,165.2,-6.83,0.35,-0.0,0.0,9.81,0.0,0.0,0.0
10.58,165.2,-6.83,0.35,-0.0,0.0,9.81,0.0,0.0,0.0
10.59,165.2,-6.83,0.35,-0.0,0.0,9.81,0.0,0.0,0.0
10.6,165.2,-6.83,0.35,-0.0,0.0,9.81,0.0,0.0,0.0
10.61,165.2,-6.83,0.35,-0.0,0.0,9.81,0.0,0.0,0.0
10.62,165.2,-6.83,0.35,-0.0,0.0,9.81,0.0,0.0,0.0
10.63,165.2,-6.83,0.35,-0.0,0.0,9.81,0.0,0.0,0.0
10.64,165.2,-6.83,0.35,-0.0,0.0,9.81,0.0,0.0,0.0
10.65,165.2,-6.83,0.35,-0.0,0.0,9.81,0.0,0.0,0.0
10.66,165.2,-6.83,0.35,-0.0,0.0,9.81,0.0,0.0,0.0
10.67,165.2,-6.83,0.35,-0.0,0.0,9.81,0.0,0.0,0.0
10.68,165.2,-6.83,0.35,-0.0,0.0,9.81,0.0,0.0,0.0
10.69,165.2,-6.83,0.35,-0.0,0.0,9.81,0.0,0.0,0.0
10.7,165.2,-6.83,0.35,-0.0,0.0,9.81,0.0,0.0,0.0
10.71,165.2,-6.83,0.35,-0.0,0.0,9.81,0.0,0.0,0.0
10.72,165.2,-6.83,0.35,-0.0,0.0,9.81,0.0,0.0,0.0
10.73,165.2,-6.83,0.35,-0.0,0.0,9.81,0.0,0.0,0.0
10.74,165.2,-6.83,0.35,-0.0,0.0,9.81,0.0,0.0,0.0
10.75,165.2,-6.83,0.35,-0.0,0.0,9.81,0.0,0.0,0.0
10.76,165.2,-6.83,0.35,-0.0,0.0,9.81,0.0,0.0,0.0
10.77,165.2,-6.83,0.35,-0.0,0.0,9.81,0.0,0.0,0.0
10.78,165.2,-6.83,0.35,-0.0,0.0,9.81,0.0,0.0,0.0
10.79,165.2,-6.83,0.35,-0.0,0.0,9.81,0.0,0.0,0.0
10.8,165.2,-6.83,0.35,-0.0,0.0,9.81,0.0,0.0,0.0
10.81,165.2,-6.83,0.35,-0.0,0.0,9.81,0.0,0.0,0.0
10.82,165.2,-6.83,0.35,-0.0,0.0,9.81,0.0,0.0,0.0
10.83,165.2,-6.83,0.35,-0.0,0.0,9.81,0.0,0.0,0.0
10.84,165.2,-6.83,0.35,-0.0,0.0,9.81,0.0,0.0,0.0
10.85,165.2,-6.83,0.35,-0.0,0.0,9.81,0.0,0.0,0.0
10.86,165.2,-6.83,0.35,-0.0,0.0,9.81,0.0,0.0,0.0
10.87,165.2,-6.83,0.35,-0.0,0.0,9.81,0.0,0.0,0.0
10.88,165.2,-6.83,0.35,-0.0,0.0,9.81,0.0,0.0,0.0
10.89,165.2,-6.83,0.35,-0.0,0.0,9.81,0.0,0.0,0.0
10.9,165.2,-6.83,0.35,-0.0,0.0,9.81,0.0,0.0,0.0
10.91,165.2,-6.83,0.35,-0.0,0.0,9.81,0.0,0.0,0.0
10.92,165.2,-6.83,0.35,-0.0,0.0,9.81,0.0,0.0,0.0
10.93,165.2,-6.83,0.35,-0.0,0.0,9.81,0.0,0.0,0.0
10.94,165.2,-6.83,0.35,-0.0,0.0,9.81,0.0,0.0,0.0
10.95,165.2,-6.83,0.35,-0.0,0.0,9.81,0.0,0.0,0.0
10.96,165.2,-6.83,0.35,-0.0,0.0,9.81,0.0,0.0,0.0
10.97,165.2,-6.83,0.35,-0.0,0.0,9.81,0.0,0.0,0.0
10.98,165.2,-6.83,0.35,-0.0,0.0,9.81,0.0,0.0,0.0
10.99,165.2,-6.83,0.35,-0.0,0.0,9.81,0.0,0.0,0.0
11.0,165.2,-6.83,0.35,-0.0,0.0,9.81,0.0,0.0,0.0
11.01,165.2,-6.83,0.35,-0.0,0.0,9.81,0.0,0.0,0.0
11.02,165.2,-6.83,0.35,-0.0,0.0,9.81,0.0,0.0,0.0
11.03,165.2,-6.83,0.35,-0.0,0.0,9.81,0.0,0.0,0.0
11.04,165.2,-6.83,0.35,-0.0,0.0,9.81,0.0,0.0,0.0
11.05,165.2,-6.83,0.35,-0.0,0.0,9.81,0.0,0.0,0.0
11.06,165.2,-6.83,0.35,-0.0,0.0,9.81,0.0,0.0,0.0
11.07,165.2,-6.83,0.35,-0.0,0.0,9.81,0.0,0.0,0.0
11.08,165.2,-6.83,0.35,-0.0,0.0,9.81,0.0,0.0,0.0
11.09,165.2,-6.83,0.35,-0.0,0.0,9.81,0.0,0.0,0.0
11.1,165.2,-6.83,0.35,-0.0,0.0,9.81,0.0,0.0,0.0
11.11,165.2,-6.83,0.35,-0.0,0.0,9.81,0.0,0.0,0.0
11.12,165.2,-6.83,0.35,-0.0,0.0,9.81,0.0,0.0,0.0
11.13,165.2,-6.83,0.35,-0.0,0.0,9.81,0.0,0.0,0.0
11.14,165.2,-6.83,0.35,-0.0,0.0,9.81,0.0,0.0,0.0
11.15,165.2,-6.83,0.35,-0.0,0.0,9.81,0.0,0.0,0.0
11.16,165.2,-6.83,0.35,-0.0,0.0,9.81,0.0,0.0,0.0
11.17,165.2,-6.83,0.35,-0.0,0.0,9.81,0.0,0.0,0.0
11.18,165.2,-6.83,0.35,-0.0,0.0,9.81,0.0,0.0,0.0
11.19,165.2,-6.83,0.35,-0.0,0.0,9.81,0.0,0.0,0.0
11.2,165.2,-6.83,0.35,-0.0,0.0,9.81,0.0,0.0,0.0
11.21,165.2,-6.83,0.35,-0.0,0.0,9.81,0.0,0.0,0.0
11.22,165.2,-6.83,0.35,-0.0,0.0,9.81,0.0,0.0,0.0
11.23,165.2,-6.83,0.35,-0.0,0.0,9.81,0.0,0.0,0.0
11.24,165.2,-6.83,0.35,-0.0,0.0,9.81,0.0,0.0,0.0
11.25,165.2,-6.83,0.35,-0.0,0.0,9.81,0.0,0.0,0.0
11.26,165.2,-6.83,0.35,-0.0,0.0,9.81,0.0,0.0,0.0
11.27,165.2,-6.83,0.35,-0.0,0.0,9.81,0.0,0.0,0.0
11.28,165.2,-6.83,0.35,-0.0,0.0,9.81,0.0,0.0,0.0
11.29,165.2,-6.83,0.35,-0.0,0.0,9.81,0.0,0.0,0.0
11.3,165.2,-6.83,0.35,-0.0,0.0,9.81,0.0,0.0,0.0
11.31,165.2,-6.83,0.35,-0.0,0.0,9.81,0.0,0.0,0.0
11.32,165.2,-6.83,0.35,-0.0,0.0,9.81,0.0,0.0,0.0
11.33,165.2,-6.83,0.35,-0.0,0.0,9.81,0.0,0.0,0.0
11.34,165.2,-6.83,0.35,-0.0,0.0,9.81,0.0,0.0,0.0
11.35,165.2,-6.83,0.35,-0.0,0.0,9.81,0.0,0.0,0.0
11.36,165.2,-6.83,0.35,-0.0,0.0,9.81,0.0,0.0,0.0
11.37,165.2,-6.83,0.35,-0.0,0.0,9.81,0.0,0.0,0.0
11.38,165.2,-6.83,0.35,-0.0,0.0,9.81,0.0,0.0,0.0
11.39,165.2,-6.83,0.35,-0.0,0.0,9.81,0.0,0.0,0.0
11.4,165.2,-6.83,0.35,-0.0,0.0,9.81,0.0,0.0,0.0
11.41,165.2,-6.83,0.35,-0.0,0.0,9.81,0.0,0.0,0.0
11.42,165.2,-6.83,0.35,-0.0,0.0,9.81,0.0,0.0,0.0
11.43,165.2,-6.83,0.35,-0.0,0.0,9.81,0.0,0.0,0.0
11.44,165.2,-6.83,0.35,-0.0,0.0,9.81,0.0,0.0,0.0
11.45,165.2,-6.83,0.35,-0.0,0.0,9.81,0.0,0.0,0.0
11.46,165.2,-6.83,0.35,-0.0,0.0,9.81,0.0,0.0,0.0
11.47,165.2,-6.83,0.35,-0.0,0.0,9.81,0.0,0.0,0.0
11.48,165.2,-6.83,0.35,-0.0,0.0,9.81,0.0,0.0,0.0
11.49,165.2,-6.83,0.35,-0.0,0.0,9.81,0.0,0.0,0.0
11.5,165.2,-6.83,0.35,-0.0,0.0,9.81,0.0,0.0,0.0
11.51,165.2,-6.83,0.35,-0.0,0.0,9.81,0.0,0.0,0.0
11.52,165.2,-6.83,0.35,-0.0,0.0,9.81,0.0,0.0,0.0
11.53,165.2,-6.83,0.35,-0.0,0.0,9.81,0.0,0.0,0.0
11.54,165.2,-6.83,0.35,-0.0,0.0,9.81,0.0,0.0,0.0
11.55,165.2,-6.83,0.35,-0.0,0.0,9.81,0.0,0.0,0.0
11.56,165.2,-6.83,0.35,-0.0,0.0,9.81,0.0,0.0,0.0
11.57,165.2,-6.83,0.35,-0.0,0.0,9.81,0.0,0.0,0.0
11.58,165.2,-6.83,0.35,-0.0,0.0,9.81,0.0,0.0,0.0
11.59,165.2,-6.83,0.35,-0.0,0.0,9.81,0.0,0.0,0.0
11.6,165.2,-6.83,0.35,-0.0,0.0,9.81,0.0,0.0,0.0
11.61,165.2,-6.83,0.35,-0.0,0.0,9.81,0.0,0.0,0.0
11.62,165.2,-6.83,0.35,-0.0,0.0,9.81,0.0,0.0,0.0
11.63,165.2,-6.83,0.35,-0.0,0.0,9.81,0.0,0.0,0.0
11.64,165.2,-6.83,0.35,-0.0,0.0,9.81,0.0,0.0,0.0
11.65,165.2,-6.83,0.35,-0.0,0.0,9.81,0.0,0.0,0.0
11.66,165.2,-6.83,0.35,-0.0,0.0,9.81,0.0,0.0,0.0
11.67,165.2,-6.83,0.35,-0.0,0.0,9.81,0.0,0.0,0.0
11.68,165.2,-6.83,0.35,-0.0,0.0,9.81,0.0,0.0,0.0
11.69,165.2,-6.83,0.35,-0.0,0.0,9.81,0.0,0.0,0.0
11.7,165.2,-6.83,0.35,-0.0,0.0,9.81,0.0,0.0,0.0
11.71,165.2,-6.83,0.35,-0.0,0.0,9.81,0.0,0.0,0.0
11.72,165.2,-6.83,0.35,-0.0,0.0,9.81,0.0,0.0,0.0
11.73,165.2,-6.83,0.35,-0.0,0.0,9.81,0.0,0.0,0.0
11.74,165.2,-6.83,0.35,-0.0,0.0,9.81,0.0,0.0,0.0
11.75,165.2,-6.83,0.35,-0.0,0.0,9.81,0.0,0.0,0.0
11.76,165.2,-6.83,0.35,-0.0,0.0,9.81,0.0,0.0,0.0
11.77,165.2,-6.83,0.35,-0.0,0.0,9.81,0.0,0.0,0.0
11.78,165.2,-6.83,0.35,-0.0,0.0,9.81,0.0,0.0,0.0
11.79,165.2,-6.83,0.35,-0.0,0.0,9.81,0.0,0.0,0.0
11.8,165.2,-6.83,0.35,-0.0,0.0,9.81,0.0,0.0,0.0
11.81,165.2,-6.83,0.35,-0.0,0.0,9.81,0.0,0.0,0.0
11.82,165.2,-6.83,0.35,-0.0,0.0,9.81,0.0,0.0,0.0
11.83,165.2,-6.83,0.35,-0.0,0.0,9.81,0.0,0.0,0.0
11.84,165.2,-6.83,0.35,-0.0,0.0,9.81,0.0,0.0,0.0
11.85,165.2,-6.83,0.35,-0.0,0.0,9.81,0.0,0.0,0.0
11.86,165.2,-6.83,0.35,-0.0,0.0,9.81,0.0,0.0,0.0
11.87,165.2,-6.83,0.35,-0.0,0.0,9.81,0.0,0.0,0.0
11.88,165.2,-6.83,0.35,-0.0,0.0,9.81,0.0,0.0,0.0
11.89,165.2,-6.83,0.35,-0.0,0.0,9.81,0.0,0.0,0.0
11.9,165.2,-6.83,0.35,-0.0,0.0,9.81,0.0,0.0,0.0
11.91,165.2,-6.83,0.35,-0.0,0.0,9.81,0.0,0.0,0.0
11.92,165.2,-6.83,0.35,-0.0,0.0,9.81,0.0,0.0,0.0
11.93,165.2,-6.83,0.35,-0.0,0.0,9.81,0.0,0.0,0.0
11.94,165.2,-6.83,0.35,-0.0,0.0,9.81,0.0,0.0,0.0
11.95,165.2,-6.83,0.35,-0.0,0.0,9.81,0.0,0.0,0.0
11.96,165.2,-6.83,0.35,-0.0,0.0,9.81,0.0,0.0,0.0
11.97,165.2,-6.83,0.35,-0.0,0.0,9.81,0.0,0.0,0.0
11.98,165.2,-6.83,0.35,-0.0,0.0,9.81,0.0,0.0,0.0
11.99,165.2,-6.83,0.35,-0.0,0.0,9.81,0.0,0.0,0.0
12.0,165.2,-6.83,0.35,-0.0,0.0,9.81,0.0,0.0,0.0
12.01,165.2,-6.83,0.35,-0.0,0.0,9.81,0.0,0.0,0.0
12.02,165.2,-6.83,0.35,-0.0,0.0,9.81,0.0,0.0,0.0
12.03,165.2,-6.83,0.35,-0.0,0.0,9.81,0.0,0.0,0.0
12.04,165.2,-6.83,0.35,-0.0,0.0,9.81,0.0,0.0,0.0
12.05,165.2,-6.83,0.35,-0.0,0.0,9.81,0.0,0.0,0.0
12.06,165.2,-6.83,0.35,-0.0,0.0,9.81,0.0,0.0,0.0
12.07,165.2,-6.83,0.35,-0.0,0.0,9.81,0.0,0.0,0.0
12.08,165.2,-6.83,0.35,-0.0,0.0,9.81,0.0,0.0,0.0
12.09,165.2,-6.83,0.35,-0.0,0.0,9.81,0.0,0.0,0.0
12.1,165.2,-6.83,0.35,-0.0,0.0,9.81,0.0,0.0,0.0
12.11,165.2,-6.83,0.35,-0.0,0.0,9.81,0.0,0.0,0.0
12.12,165.2,-6.83,0.35,-0.0,0.0,9.81,0.0,0.0,0.0
12.13,165.2,-6.83,0.35,-0.0,0.0,9.81,0.0,0.0,0.0
12.14,165.2,-6.83,0.35,-0.0,0.0,9.81,0.0,0.0,0.0
12.15,165.2,-6.83,0.35,-0.0,0.0,9.81,0.0,0.0,0.0
12.16,165.2,-6.83,0.35,-0.0,0.0,9.81,0.0,0.0,0.0
12.17,165.2,-6.83,0.35,-0.0,0.0,9.81,0.0,0.0,0.0
12.18,165.2,-6.83,0.35,-0.0,0.0,9.81,0.0,0.0,0.0
12.19,165.2,-6.83,0.35,-0.0,0.0,9.81,0.0,0.0,0.0
12.2,165.2,-6.83,0.35,-0.0,0.0,9.81,0.0,0.0,0.0
12.21,165.2,-6.83,0.35,-0.0,0.0,9.81,0.0,0.0,0.0
12.22,165.2,-6.83,0.35,-0.0,0.0,9.81,0.0,0.0,0.0
12.23,165.2,-6.83,0.35,-0.0,0.0,9.81,0.0,0.0,0.0
12.24,165.2,-6.83,0.35,-0.0,0.0,9.81,0.0,0.0,0.0
12.25,165.2,-6.83,0.35,-0.0,0.0,9.81,0.0,0.0,0.0
12.26,165.2,-6.83,0.35,-0.0,0.0,9.81,0.0,0.0,0.0
12.27,165.2,-6.83,0.35,-0.0,0.0,9.81,0.0,0.0,0.0
12.28,165.2,-6.83,0.35,-0.0,0.0,9.81,0.0,0.0,0.0
12.29,165.2,-6.83,0.35,-0.0,0.0,9.81,0.0,0.0,0.0
12.3,165.2,-6.83,0.35,-0.0,0.0,9.81,0.0,0.0,0.0
12.31,165.2,-6.83,0.35,-0.0,0.0,9.81,0.0,0.0,0.0
12.32,165.2,-6.83,0.35,-0.0,0.0,9.81,0.0,0.0,0.0
12.33,165.2,-6.83,0.35,-0.0,0.0,9.81,0.0,0.0,0.0
12.34,165.2,-6.83,0.35,-0.0,0.0,9.81,0.0,0.0,0.0
12.35,165.2,-6.83,0.35,-0.0,0.0,9.81,0.0,0.0,0.0
12.36,165.2,-6.83,0.35,-0.0,0.0,9.81,0.0,0.0,0.0
12.37,165.2,-6.83,0.35,-0.0,0.0,9.81,0.0,0.0,0.0
12.38,165.2,-6.83,0.35,-0.0,0.0,9.81,0.0,0.0,0.0
12.39,165.2,-6.83,0.35,-0.0,0.0,9.81,0.0,0.0,0.0
12.4,165.2,-6.83,0.35,-0.0,0.0,9.81,0.0,0.0,0.0
12.41,165.2,-6.83,0.35,-0.0,0.0,9.81,0.0,0.0,0.0
12.42,165.2,-6.83,0.35,-0.0,0.0,9.81,0.0,0.0,0.0
12.43,165.2,-6.83,0.35,-0.0,0.0,9.81,0.0,0.0,0.0
12.44,165.2,-6.83,0.35,-0.0,0.0,9.81,0.0,0.0,0.0
12.45,165.2,-6.83,0.35,-0.0,0.0,9.81,0.0,0.0,0.0
12.46,165.2,-6.83,0.35,-0.0,0.0,9.81,0.0,0.0,0.0
12.47,165.2,-6.83,0.35,-0.0,0.0,9.81,0.0,0.0,0.0
12.48,165.2,-6.83,0.35,-0.0,0.0,9.81,0.0,0.0,0.0
12.49,165.2,-6.83,0.35,-0.0,0.0,9.81,0.0,0.0,0.0
12.5,165.2,-6.83,0.35,-0.0,0.0,9.81,0.0,0.0,0.0
12.51,165.2,-6.83,0.35,-0.0,0.0,9.81,0.0,0.0,0.0
12.52,165.2,-6.83,0.35,-0.0,0.0,9.81,0.0,0.0,0.0
12.53,165.2,-6.83,0.35,-0.0,0.0,9.81,0.0,0.0,0.0
12.54,165.2,-6.83,0.35,-0.0,0.0,9.81,0.0,0.0,0.0
12.55,165.2,-6.83,0.35,-0.0,0.0,9.81,0.0,0.0,0.0
12.56,165.2,-6.83,0.35,-0.0,0.0,9.81,0.0,0.0,0.0
12.57,165.2,-6.83,0.35,-0.0,0.0,9.81,0.0,0.0,0.0
12.58,165.2,-6.83,0.35,-0.0,0.0,9.81,0.0,0.0,0.0
12.59,165.2,-6.83,0.35,-0.0,0.0,9.81,0.0,0.0,0.0
12.6,165.2,-6.83,0.35,-0.0,0.0,9.81,0.0,0.0,0.0
12.61,165.2,-6.83,0.35,-0.0,0.0,9.81,0.0,0.0,0.0
12.62,165.2,-6.83,0.35,-0.0,0.0,9.81,0.0,0.0,0.0
12.63,165.2,-6.83,0.35,-0.0,0.0,9.81,0.0,0.0,0.0
12.64,165.2,-6.83,0.35,-0.0,0.0,9.81,0.0,0.0,0.0
12.65,165.2,-6.83,0.35,-0.0,0.0,9.81,0.0,0.0,0.0
12.66,165.2,-6.83,0.35,-0.0,0.0,9.81,0.0,0.0,0.0
12.67,165.2,-6.83,0.35,-0.0,0.0,9.81,0.0,0.0,0.0
12.68,165.2,-6.83,0.35,-0.0,0.0,9.81,0.0,0.0,0.0
12.69,165.2,-6.83,0.35,-0.0,0.0,9.81,0.0,0.0,0.0
12.7,165.2,-6.83,0.35,-0.0,0.0,9.81,0.0,0.0,0.0
12.71,165.2,-6.83,0.35,-0.0,0.0,9.81,0.0,0.0,0.0
12.72,165.2,-6.83,0.35,-0.0,0.0,9.81,0.0,0.0,0.0
12.73,165.2,-6.83,0.35,-0.0,0.0,9.81,0.0,0.0,0.0
12.74,165.2,-6.83,0.35,-0.0,0.0,9.81,0.0,0.0,0.0
12.75,165.2,-6.83,0.35,-0.0,0.0,9.81,0.0,0.0,0.0
12.76,165.2,-6.83,0.35,-0.0,0.0,9.81,0.0,0.0,0.0
12.77,165.2,-6.83,0.35,-0.0,0.0,9.81,0.0,0.0,0.0
12.78,165.2,-6.83,0.35,-0.0,0.0,9.81,0.0,0.0,0.0
12.79,165.2,-6.83,0.35,-0.0,0.0,9.81,0.0,0.0,0.0
12.8,165.2,-6.83,0.35,-0.0,0.0,9.81,0.0,0.0,0.0
12.81,165.2,-6.83,0.35,-0.0,0.0,9.81,0.0,0.0,0.0
12.82,165.2,-6.83,0.35,-0.0,0.0,9.81,0.0,0.0,0.0
12.83,165.2,-6.83,0.35,-0.0,0.0,9.81,0.0,0.0,0.0
12.84,165.2,-6.83,0.35,-0.0,0.0,9.81,0.0,0.0,0.0
12.85,165.2,-6.83,0.35,-0.0,0.0,9.81,0.0,0.0,0.0
12.86,165.2,-6.83,0.35,-0.0,0.0,9.81,0.0,0.0,0.0
12.87,165.2,-6.83,0.35,-0.0,0.0,9.81,0.0,0.0,0.0
12.88,165.2,-6.83,0.35,-0.0,0.0,9.81,0.0,0.0,0.0
12.89,165.2,-6.83,0.35,-0.0,0.0,9.81,0.0,0.0,0.0
12.9,165.2,-6.83,0.35,-0.0,0.0,9.81,0.0,0.0,0.0
12.91,165.2,-6.83,0.35,-0.0,0.0,9.81,0.0,0.0,0.0
12.92,165.2,-6.83,0.35,-0.0,0.0,9.81,0.0,0.0,0.0
12.93,165.2,-6.83,0.35,-0.0,0.0,9.81,0.0,0.0,0.0
12.94,165.2,-6.83,0.35,-0.0,0.0,9.81,0.0,0.0,0.0
12.95,165.2,-6.83,0.35,-0.0,0.0,9.81,0.0,0.0,0.0
12.96,165.2,-6.83,0.35,-0.0,0.0,9.81,0.0,0.0,0.0
12.97,165.2,-6.83,0.35,-0.0,0.0,9.81,0.0,0.0,0.0
12.98,165.2,-6.83,0.35,-0.0,0.0,9.81,0.0,0.0,0.0
12.99,165.2,-6.83,0.35,-0.0,0.0,9.81,0.0,0.0,0.0
13.0,165.2,-6.83,0.35,-0.0,0.0,9.81,0.0,0.0,0.0
13.01,165.2,-6.83,0.35,-0.0,0.0,9.81,0.0,0.0,0.0
13.02,165.2,-6.83,0.35,-0.0,0.0,9.81,0.0,0.0,0.0
13.03,165.2,-6.83,0.35,-0.0,0.0,9.81,0.0,0.0,0.0
13.04,165.2,-6.83,0.35,-0.0,0.0,9.81,0.0,0.0,0.0
13.05,165.2,-6.83,0.35,-0.0,0.0,9.81,0.0,0.0,0.0
13.06,165.2,-6.83,0.35,-0.0,0.0,9.81,0.0,0.0,0.0
13.07,165.2,-6.83,0.35,-0.0,0.0,9.81,0.0,0.0,0.0
13.08,165.2,-6.83,0.35,-0.0,0.0,9.81,0.0,0.0,0.0
13.09,165.2,-6.83,0.35,-0.0,0.0,9.81,0.0,0.0,0.0
13.1,165.2,-6.83,0.35,-0.0,0.0,9.81,0.0,0.0,0.0
13.11,165.2,-6.83,0.35,-0.0,0.0,9.81,0.0,0.0,0.0
13.12,165.2,-6.83,0.35,-0.0,0.0,9.81,0.0,0.0,0.0
13.13,165.2,-6.83,0.35,-0.0,0.0,9.81,0.0,0.0,0.0
13.14,165.2,-6.83,0.35,-0.0,0.0,9.81,0.0,0.0,0.0
13.15,165.2,-6.83,0.35,-0.0,0.0,9.81,0.0,0.0,0.0
13.16,165.2,-6.83,0.35,-0.0,0.0,9.81,0.0,0.0,0.0
13.17,165.2,-6.83,0.35,-0.0,0.0,9.81,0.0,0.0,0.0
13.18,165.2,-6.83,0.35,-0.0,0.0,9.81,0.0,0.0,0.0
13.19,165.2,-6.83,0.35,-0.0,0.0,9.81,0.0,0.0,0.0
13.2,165.2,-6.83,0.35,-0.0,0.0,9.81,0.0,0.0,0.0
13.21,165.2,-6.83,0.35,-0.0,0.0,9.81,0.0,0.0,0.0
13.22,165.2,-6.83,0.35,-0.0,0.0,9.81,0.0,0.0,0.0
13.23,165.2,-6.83,0.35,-0.0,0.0,9.81,0.0,0.0,0.0
13.24,165.2,-6.83,0.35,-0.0,0.0,9.81,0.0,0.0,0.0
13.25,165.2,-6.83,0.35,-0.0,0.0,9.81,0.0,0.0,0.0
13.26,165.2,-6.83,0.35,-0.0,0.0,9.81,0.0,0.0,0.0
13.27,165.2,-6.83,0.35,-0.0,0.0,9.81,0.0,0.0,0.0
13.28,165.2,-6.83,0.35,-0.0,0.0,9.81,0.0,0.0,0.0
13.29,165.2,-6.83,0.35,-0.0,0.0,9.81,0.0,0.0,0.0
13.3,165.2,-6.83,0.35,-0.0,0.0,9.81,0.0,0.0,0.0
13.31,165.2,-6.83,0.35,-0.0,0.0,9.81,0.0,0.0,0.0
13.32,165.2,-6.83,0.35,-0.0,0.0,9.81,0.0,0.0,0.0
13.33,165.2,-6.83,0.35,-0.0,0.0,9.81,0.0,0.0,0.0
13.34,165.2,-6.83,0.35,-0.0,0.0,9.81,0.0,0.0,0.0
13.35,165.2,-6.83,0.35,-0.0,0.0,9.81,0.0,0.0,0.0
13.36,165.2,-6.83,0.35,-0.0,0.0,9.81,0.0,0.0,0.0
13.37,165.2,-6.83,0.35,-0.0,0.0,9.81,0.0,0.0,0.0
13.38,165.2,-6.83,0.35,-0.0,0.0,9.81,0.0,0.0,0.0
13.39,165.2,-6.83,0.35,-0.0,0.0,9.81,0.0,0.0,0.0
13.4,165.2,-6.83,0.35,-0.0,0.0,9.81,0.0,0.0,0.0
13.41,165.2,-6.83,0.35,-0.0,0.0,9.81,0.0,0.0,0.0
13.42,165.2,-6.83,0.35,-0.0,0.0,9.81,0.0,0.0,0.0
13.43,165.2,-6.83,0.35,-0.0,0.0,9.81,0.0,0.0,0.0
13.44,165.2,-6.83,0.35,-0.0,0.0,9.81,0.0,0.0,0.0
13.45,165.2,-6.83,0.35,-0.0,0.0,9.81,0.0,0.0,0.0
13.46,165.2,-6.83,0.35,-0.0,0.0,9.81,0.0,0.0,0.0
13.47,165.2,-6.83,0.35,-0.0,0.0,9.81,0.0,0.0,0.0
13.48,165.2,-6.83,0.35,-0.0,0.0,9.81,0.0,0.0,0.0
13.49,165.2,-6.83,0.35,-0.0,0.0,9.81,0.0,0.0,0.0
13.5,165.2,-6.83,0.35,-0.0,0.0,9.81,0.0,0.0,0.0
13.51,165.2,-6.83,0.35,-0.0,0.0,9.81,0.0,0.0,0.0
13.52,165.2,-6.83,0.35,-0.0,0.0,9.81,0.0,0.0,0.0
13.53,165.2,-6.83,0.35,-0.0,0.0,9.81,0.0,0.0,0.0
13.54,165.2,-6.83,0.35,-0.0,0.0,9.81,0.0,0.0,0.0
13.55,165.2,-6.83,0.35,-0.0,0.0,9.81,0.0,0.0,0.0
13.56,165.2,-6.83,0.35,-0.0,0.0,9.81,0.0,0.0,0.0
13.57,165.2,-6.83,0.35,-0.0,0.0,9.81,0.0,0.0,0.0
13.58,165.2,-6.83,0.35,-0.0,0.0,9.81,0.0,0.0,0.0
13.59,165.2,-6.83,0.35,-0.0,0.0,9.81,0.0,0.0,0.0
13.6,165.2,-6.83,0.35,-0.0,0.0,9.81,0.0,0.0,0.0
13.61,165.2,-6.83,0.35,-0.0,0.0,9.81,0.0,0.0,0.0
13.62,165.2,-6.83,0.35,-0.0,0.0,9.81,0.0,0.0,0.0
13.63,165.2,-6.83,0.35,-0.0,0.0,9.81,0.0,0.0,0.0
13.64,165.2,-6.83,0.35,-0.0,0.0,9.81,0.0,0.0,0.0
13.65,165.2,-6.83,0.35,-0.0,0.0,9.81,0.0,0.0,0.0
13.66,165.2,-6.83,0.35,-0.0,0.0,9.81,0.0,0.0,0.0
13.67,165.2,-6.83,0.35,-0.0,0.0,9.81,0.0,0.0,0.0
13.68,165.2,-6.83,0.35,-0.0,0.0,9.81,0.0,0.0,0.0
13.69,165.2,-6.83,0.35,-0.0,0.0,9.81,0.0,0.0,0.0
13.7,165.2,-6.83,0.35,-0.0,0.0,9.81,0.0,0.0,0.0
13.71,165.2,-6.83,0.35,-0.0,0.0,9.81,0.0,0.0,0.0
13.72,165.2,-6.83,0.35,-0.0,0.0,9.81,0.0,0.0,0.0
13.73,165.2,-6.83,0.35,-0.0,0.0,9.81,0.0,0.0,0.0
13.74,165.2,-6.83,0.35,-0.0,0.0,9.81,0.0,0.0,0.0
13.75,165.2,-6.83,0.35,-0.0,0.0,9.81,0.0,0.0,0.0
13.76,165.2,-6.83,0.35,-0.0,0.0,9.81,0.0,0.0,0.0
13.77,165.2,-6.83,0.35,-0.0,0.0,9.81,0.0,0.0,0.0
13.78,165.2,-6.83,0.35,-0.0,0.0,9.81,0.0,0.0,0.0
13.79,165.2,-6.83,0.35,-0.0,0.0,9.81,0.0,0.0,0.0
13.8,165.2,-6.83,0.35,-0.0,0.0,9.81,0.0,0.0,0.0
13.81,165.2,-6.83,0.35,-0.0,0.0,9.81,0.0,0.0,0.0
13.82,165.2,-6.83,0.35,-0.0,0.0,9.81,0.0,0.0,0.0
13.83,165.2,-6.83,0.35,-0.0,0.0,9.81,0.0,0.0,0.0
13.84,165.2,-6.83,0.35,-0.0,0.0,9.81,0.0,0.0,0.0
13.85,165.2,-6.83,0.35,-0.0,0.0,9.81,0.0,0.0,0.0
13.86,165.2,-6.83,0.35,-0.0,0.0,9.81,0.0,0.0,0.0
13.87,165.2,-6.83,0.35,-0.0,0.0,9.81,0.0,0.0,0.0
13.88,165.2,-6.83,0.35,-0.0,0.0,9.81,0.0,0.0,0.0
13.89,165.2,-6.83,0.35,-0.0,0.0,9.81,0.0,0.0,0.0
13.9,165.2,-6.83,0.35,-0.0,0.0,9.81,0.0,0.0,0.0
13.91,165.2,-6.83,0.35,-0.0,0.0,9.81,0.0,0.0,0.0
13.92,165.2,-6.83,0.35,-0.0,0.0,9.81,0.0,0.0,0.0
13.93,165.2,-6.83,0.35,-0.0,0.0,9.81,0.0,0.0,0.0
13.94,165.2,-6.83,0.35,-0.0,0.0,9.81,0.0,0.0,0.0
13.95,165.2,-6.83,0.35,-0.0,0.0,9.81,0.0,0.0,0.0
13.96,165.2,-6.83,0.35,-0.0,0.0,9.81,0.0,0.0,0.0
13.97,165.2,-6.83,0.35,-0.0,0.0,9.81,0.0,0.0,0.0
13.98,165.2,-6.83,0.35,-0.0,0.0,9.81,0.0,0.0,0.0
13.99,165.2,-6.83,0.35,-0.0,0.0,9.81,0.0,0.0,0.0
14.0,165.2,-6.83,0.35,-0.0,0.0,9.81,0.0,0.0,0.0
14.01,165.2,-6.83,0.35,-0.0,0.0,9.81,0.0,0.0,0.0
14.02,165.2,-6.83,0.35,-0.0,0.0,9.81,0.0,0.0,0.0
14.03,165.2,-6.83,0.35,-0.0,0.0,9.81,0.0,0.0,0.0
14.04,165.2,-6.83,0.35,-0.0,0.0,9.81,0.0,0.0,0.0
14.05,165.2,-6.83,0.35,-0.0,0.0,9.81,0.0,0.0,0.0
14.06,165.2,-6.83,0.35,-0.0,0.0,9.81,0.0,0.0,0.0
14.07,165.2,-6.83,0.35,-0.0,0.0,9.81,0.0,0.0,0.0
14.08,165.2,-6.83,0.35,-0.0,0.0,9.81,0.0,0.0,0.0
14.09,165.2,-6.83,0.35,-0.0,0.0,9.81,0.0,0.0,0.0
14.1,165.2,-6.83,0.35,-0.0,0.0,9.81,0.0,0.0,0.0
14.11,165.2,-6.83,0.35,-0.0,0.0,9.81,0.0,0.0,0.0
14.12,165.2,-6.83,0.35,-0.0,0.0,9.81,0.0,0.0,0.0
14.13,165.2,-6.83,0.35,-0.0,0.0,9.81,0.0,0.0,0.0
14.14,165.2,-6.83,0.35,-0.0,0.0,9.81,0.0,0.0,0.0
14.15,165.2,-6.83,0.35,-0.0,0.0,9.81,0.0,0.0,0.0
14.16,165.2,-6.83,0.35,-0.0,0.0,9.81,0.0,0.0,0.0
14.17,165.2,-6.83,0.35,-0.0,0.0,9.81,0.0,0.0,0.0
14.18,165.2,-6.83,0.35,-0.0,0.0,9.81,0.0,0.0,0.0
14.19,165.2,-6.83,0.35,-0.0,0.0,9.81,0.0,0.0,0.0
14.2,165.2,-6.83,0.35,-0.0,0.0,9.81,0.0,0.0,0.0
14.21,165.2,-6.83,0.35,-0.0,0.0,9.81,0.0,0.0,0.0
14.22,165.2,-6.83,0.35,-0.0,0.0,9.81,0.0,0.0,0.0
14.23,165.2,-6.83,0.35,-0.0,0.0,9.81,0.0,0.0,0.0
14.24,165.2,-6.83,0.35,-0.0,0.0,9.81,0.0,0.0,0.0
14.25,165.2,-6.83,0.35,-0.0,0.0,9.81,0.0,0.0,0.0
14.26,165.2,-6.83,0.35,-0.0,0.0,9.81,0.0,0.0,0.0
14.27,165.2,-6.83,0.35,-0.0,0.0,9.81,0.0,0.0,0.0
14.28,165.2,-6.83,0.35,-0.0,0.0,9.81,0.0,0.0,0.0
14.29,165.2,-6.83,0.35,-0.0,0.0,9.81,0.0,0.0,0.0
14.3,165.2,-6.83,0.35,-0.0,0.0,9.81,0.0,0.0,0.0
14.31,165.2,-6.83,0.35,-0.0,0.0,9.81,0.0,0.0,0.0
14.32,165.2,-6.83,0.35,-0.0,0.0,9.81,0.0,0.0,0.0
14.33,165.2,-6.83,0.35,-0.0,0.0,9.81,0.0,0.0,0.0
14.34,165.2,-6.83,0.35,-0.0,0.0,9.81,0.0,0.0,0.0
14.35,165.2,-6.83,0.35,-0.0,0.0,9.81,0.0,0.0,0.0
14.36,165.2,-6.83,0.35,-0.0,0.0,9.81,0.0,0.0,0.0
14.37,165.2,-6.83,0.35,-0.0,0.0,9.81,0.0,0.0,0.0
14.38,165.2,-6.83,0.35,-0.0,0.0,9.81,0.0,0.0,0.0
14.39,165.2,-6.83,0.35,-0.0,0.0,9.81,0.0,0.0,0.0
14.4,165.2,-6.83,0.35,-0.0,0.0,9.81,0.0,0.0,0.0
14.41,165.2,-6.83,0.35,-0.0,0.0,9.81,0.0,0.0,0.0
14.42,165.2,-6.83,0.35,-0.0,0.0,9.81,0.0,0.0,0.0
14.43,165.2,-6.83,0.35,-0.0,0.0,9.81,0.0,0.0,0.0
14.44,165.2,-6.83,0.35,-0.0,0.0,9.81,0.0,0.0,0.0
14.45,165.2,-6.83,0.35,-0.0,0.0,9.81,0.0,0.0,0.0
14.46,165.2,-6.83,0.35,-0.0,0.0,9.81,0.0,0.0,0.0
14.47,165.2,-6.83,0.35,-0.0,0.0,9.81,0.0,0.0,0.0
14.48,165.2,-6.83,0.35,-0.0,0.0,9.81,0.0,0.0,0.0
14.49,165.2,-6.83,0.35,-0.0,0.0,9.81,0.0,0.0,0.0
14.5,165.2,-6.83,0.35,-0.0,0.0,9.81,0.0,0.0,0.0
14.51,165.2,-6.83,0.35,-0.0,0.0,9.81,0.0,0.0,0.0
14.52,165.2,-6.83,0.35,-0.0,0.0,9.81,0.0,0.0,0.0
14.53,165.2,-6.83,0.35,-0.0,0.0,9.81,0.0,0.0,0.0
14.54,165.2,-6.83,0.35,-0.0,0.0,9.81,0.0,0.0,0.0
14.55,165.2,-6.83,0.35,-0.0,0.0,9.81,0.0,0.0,0.0
14.56,165.2,-6.83,0.35,-0.0,0.0,9.81,0.0,0.0,0.0
14.57,165.2,-6.83,0.35,-0.0,0.0,9.81,0.0,0.0,0.0
14.58,165.2,-6.83,0.35,-0.0,0.0,9.81,0.0,0.0,0.0
14.59,165.2,-6.83,0.35,-0.0,0.0,9.81,0.0,0.0,0.0
14.6,165.2,-6.83,0.35,-0.0,0.0,9.81,0.0,0.0,0.0
14.61,165.2,-6.83,0.35,-0.0,0.0,9.81,0.0,0.0,0.0
14.62,165.2,-6.83,0.35,-0.0,0.0,9.81,0.0,0.0,0.0
14.63,165.2,-6.83,0.35,-0.0,0.0,9.81,0.0,0.0,0.0
14.64,165.2,-6.83,0.35,-0.0,0.0,9.81,0.0,0.0,0.0
14.65,165.2,-6.83,0.35,-0.0,0.0,9.81,0.0,0.0,0.0
14.66,165.2,-6.83,0.35,-0.0,0.0,9.81,0.0,0.0,0.0
14.67,165.2,-6.83,0.35,-0.0,0.0,9.81,0.0,0.0,0.0
14.68,165.2,-6.83,0.35,-0.0,0.0,9.81,0.0,0.0,0.0
14.69,165.2,-6.83,0.35,-0.0,0.0,9.81,0.0,0.0,0.0
14.7,165.2,-6.83,0.35,-0.0,0.0,9.81,0.0,0.0,0.0
14.71,165.2,-6.83,0.35,-0.0,0.0,9.81,0.0,0.0,0.0
14.72,165.2,-6.83,0.35,-0.0,0.0,9.81,0.0,0.0,0.0
14.73,165.2,-6.83,0.35,-0.0,0.0,9.81,0.0,0.0,0.0
14.74,165.2,-6.83,0.35,-0.0,0.0,9.81,0.0,0.0,0.0
14.75,165.2,-6.83,0.35,-0.0,0.0,9.81,0.0,0.0,0.0
14.76,165.2,-6.83,0.35,-0.0,0.0,9.81,0.0,0.0,0.0
14.77,165.2,-6.83,0.35,-0.0,0.0,9.81,0.0,0.0,0.0
14.78,165.2,-6.83,0.35,-0.0,0.0,9.81,0.0,0.0,0.0
14.79,165.2,-6.83,0.35,-0.0,0.0,9.81,0.0,0.0,0.0
14.8,165.2,-6.83,0.35,-0.0,0.0,9.81,0.0,0.0,0.0
14.81,165.2,-6.83,0.35,-0.0,0.0,9.81,0.0,0.0,0.0
14.82,165.2,-6.83,0.35,-0.0,0.0,9.81,0.0,0.0,0.0
14.83,165.2,-6.83,0.35,-0.0,0.0,9.81,0.0,0.0,0.0
14.84,165.2,-6.83,0.35,-0.0,0.0,9.81,0.0,0.0,0.0
14.85,165.2,-6.83,0.35,-0.0,0.0,9.81,0.0,0.0,0.0
14.86,165.2,-6.83,0.35,-0.0,0.0,9.81,0.0,0.0,0.0
14.87,165.2,-6.83,0.35,-0.0,0.0,9.81,0.0,0.0,0.0
14.88,165.2,-6.83,0.35,-0.0,0.0,9.81,0.0,0.0,0.0
14.89,165.2,-6.83,0.35,-0.0,0.0,9.81,0.0,0.0,0.0
14.9,165.2,-6.83,0.35,-0.0,0.0,9.81,0.0,0.0,0.0
14.91,165.2,-6.83,0.35,-0.0,0.0,9.81,0.0,0.0,0.0
14.92,165.2,-6.83,0.35,-0.0,0.0,9.81,0.0,0.0,0.0
14.93,165.2,-6.83,0.35,-0.0,0.0,9.81,0.0,0.0,0.0
14.94,165.2,-6.83,0.35,-0.0,0.0,9.81,0.0,0.0,0.0
14.95,165.2,-6.83,0.35,-0.0,0.0,9.81,0.0,0.0,0.0
14.96,165.2,-6.83,0.35,-0.0,0.0,9.81,0.0,0.0,0.0
14.97,165.2,-6.83,0.35,-0.0,0.0,9.81,0.0,0.0,0.0
14.98,165.2,-6.83,0.35,-0.0,0.0,9.81,0.0,0.0,0.0
14.99,165.2,-6.83,0.35,-0.0,0.0,9.81,0.0,0.0,0.0
15.0,165.2,-6.83,0.35,-0.0,0.0,9.81,0.0,0.0,0.0
15.01,165.2,-6.83,0.35,-0.0,0.0,9.81,0.0,0.0,0.0
15.02,165.2,-6.83,0.35,-0.0,0.0,9.81,0.0,0.0,0.0
15.03,165.2,-6.83,0.35,-0.0,0.0,9.81,0.0,0.0,0.0
15.04,165.2,-6.83,0.35,-0.0,0.0,9.81,0.0,0.0,0.0
15.05,165.2,-6.83,0.35,-0.0,0.0,9.81,0.0,0.0,0.0
15.06,165.2,-6.83,0.35,-0.0,0.0,9.81,0.0,0.0,0.0
15.07,165.2,-6.83,0.35,-0.0,0.0,9.81,0.0,0.0,0.0
15.08,165.2,-6.83,0.35,-0.0,0.0,9.81,0.0,0.0,0.0
15.09,165.2,-6.83,0.35,-0.0,0.0,9.81,0.0,0.0,0.0
15.1,165.2,-6.83,0.35,-0.0,0.0,9.81,0.0,0.0,0.0
15.11,165.2,-6.83,0.35,-0.0,0.0,9.81,0.0,0.0,0.0
15.12,165.2,-6.83,0.35,-0.0,0.0,9.81,0.0,0.0,0.0
15.13,165.2,-6.83,0.35,-0.0,0.0,9.81,0.0,0.0,0.0
15.14,165.2,-6.83,0.35,-0.0,0.0,9.81,0.0,0.0,0.0
15.15,165.2,-6.83,0.35,-0.0,0.0,9.81,0.0,0.0,0.0
15.16,165.2,-6.83,0.35,-0.0,0.0,9.81,0.0,0.0,0.0
15.17,165.2,-6.83,0.35,-0.0,0.0,9.81,0.0,0.0,0.0
15.18,165.2,-6.83,0.35,-0.0,0.0,9.81,0.0,0.0,0.0
15.19,165.2,-6.83,0.35,-0.0,0.0,9.81,0.0,0.0,0.0
15.2,165.2,-6.83,0.35,-0.0,0.0,9.81,0.0,0.0,0.0
15.21,165.2,-6.83,0.35,-0.0,0.0,9.81,0.0,0.0,0.0
15.22,165.2,-6.83,0.35,-0.0,0.0,9.81,0.0,0.0,0.0
15.23,165.2,-6.83,0.35,-0.0,0.0,9.81,0.0,0.0,0.0
15.24,165.2,-6.83,0.35,-0.0,0.0,9.81,0.0,0.0,0.0
15.25,165.2,-6.83,0.35,-0.0,0.0,9.81,0.0,0.0,0.0
15.26,165.2,-6.83,0.35,-0.0,0.0,9.81,0.0,0.0,0.0
15.27,165.2,-6.83,0.35,-0.0,0.0,9.81,0.0,0.0,0.0
15.28,165.2,-6.83,0.35,-0.0,0.0,9.81,0.0,0.0,0.0
15.29,165.2,-6.83,0.35,-0.0,0.0,9.81,0.0,0.0,0.0
15.3,165.2,-6.83,0.35,-0.0,0.0,9.81,0.0,0.0,0.0
15.31,165.2,-6.83,0.35,-0.0,0.0,9.81,0.0,0.0,0.0
15.32,165.2,-6.83,0.35,-0.0,0.0,9.81,0.0,0.0,0.0
15.33,165.2,-6.83,0.35,-0.0,0.0,9.81,0.0,0.0,0.0
15.34,165.2,-6.83,0.35,-0.0,0.0,9.81,0.0,0.0,0.0
15.35,165.2,-6.83,0.35,-0.0,0.0,9.81,0.0,0.0,0.0
15.36,165.2,-6.83,0.35,-0.0,0.0,9.81,0.0,0.0,0.0
15.37,165.2,-6.83,0.35,-0.0,0.0,9.81,0.0,0.0,0.0
15.38,165.2,-6.83,0.35,-0.0,0.0,9.81,0.0,0.0,0.0
15.39,165.2,-6.83,0.35,-0.0,0.0,9.81,0.0,0.0,0.0
15.4,165.2,-6.83,0.35,-0.0,0.0,9.81,0.0,0.0,0.0
15.41,165.2,-6.83,0.35,-0.0,0.0,9.81,0.0,0.0,0.0
15.42,165.2,-6.83,0.35,-0.0,0.0,9.81,0.0,0.0,0.0
15.43,165.2,-6.83,0.35,-0.0,0.0,9.81,0.0,0.0,0.0
15.44,165.2,-6.83,0.35,-0.0,0.0,9.81,0.0,0.0,0.0
15.45,165.2,-6.83,0.35,-0.0,0.0,9.81,0.0,0.0,0.0
15.46,165.2,-6.83,0.35,-0.0,0.0,9.81,0.0,0.0,0.0
15.47,165.2,-6.83,0.35,-0.0,0.0,9.81,0.0,0.0,0.0
15.48,165.2,-6.83,0.35,-0.0,0.0,9.81,0.0,0.0,0.0
15.49,165.2,-6.83,0.35,-0.0,0.0,9.81,0.0,0.0,0.0
15.5,165.2,-6.83,0.35,-0.0,0.0,9.81,0.0,0.0,0.0
15.51,165.2,-6.83,0.35,-0.0,0.0,9.81,0.0,0.0,0.0
15.52,165.2,-6.83,0.35,-0.0,0.0,9.81,0.0,0.0,0.0
15.53,165.2,-6.83,0.35,-0.0,0.0,9.81,0.0,0.0,0.0
15.54,165.2,-6.83,0.35,-0.0,0.0,9.81,0.0,0.0,0.0
15.55,165.2,-6.83,0.35,-0.0,0.0,9.81,0.0,0.0,0.0
15.56,165.2,-6.83,0.35,-0.0,0.0,9.81,0.0,0.0,0.0
15.57,165.2,-6.83,0.35,-0.0,0.0,9.81,0.0,0.0,0.0
15.58,165.2,-6.83,0.35,-0.0,0.0,9.81,0.0,0.0,0.0
15.59,165.2,-6.83,0.35,-0.0,0.0,9.81,0.0,0.0,0.0
15.6,165.2,-6.83,0.35,-0.0,0.0,9.81,0.0,0.0,0.0
15.61,165.2,-6.83,0.35,-0.0,0.0,9.81,0.0,0.0,0.0
15.62,165.2,-6.83,0.35,-0.0,0.0,9.81,0.0,0.0,0.0
15.63,165.2,-6.83,0.35,-0.0,0.0,9.81,0.0,0.0,0.0
15.64,165.2,-6.83,0.35,-0.0,0.0,9.81,0.0,0.0,0.0
15.65,165.2,-6.83,0.35,-0.0,0.0,9.81,0.0,0.0,0.0
15.66,165.2,-6.83,0.35,-0.0,0.0,9.81,0.0,0.0,0.0
15.67,165.2,-6.83,0.35,-0.0,0.0,9.81,0.0,0.0,0.0
15.68,165.2,-6.83,0.35,-0.0,0.0,9.81,0.0,0.0,0.0
15.69,165.2,-6.83,0.35,-0.0,0.0,9.81,0.0,0.0,0.0
15.7,165.2,-6.83,0.35,-0.0,0.0,9.81,0.0,0.0,0.0
15.71,165.2,-6.83,0.35,-0.0,0.0,9.81,0.0,0.0,0.0
15.72,165.2,-6.83,0.35,-0.0,0.0,9.81,0.0,0.0,0.0
15.73,165.2,-6.83,0.35,-0.0,0.0,9.81,0.0,0.0,0.0
15.74,165.2,-6.83,0.35,-0.0,0.0,9.81,0.0,0.0,0.0
15.75,165.2,-6.83,0.35,-0.0,0.0,9.81,0.0,0.0,0.0
15.76,165.2,-6.83,0.35,-0.0,0.0,9.81,0.0,0.0,0.0
15.77,165.2,-6.83,0.35,-0.0,0.0,9.81,0.0,0.0,0.0
15.78,165.2,-6.83,0.35,-0.0,0.0,9.81,0.0,0.0,0.0
15.79,165.2,-6.83,0.35,-0.0,0.0,9.81,0.0,0.0,0.0
15.8,165.2,-6.83,0.35,-0.0,0.0,9.81,0.0,0.0,0.0
15.81,165.2,-6.83,0.35,-0.0,0.0,9.81,0.0,0.0,0.0
15.82,165.2,-6.83,0.35,-0.0,0.0,9.81,0.0,0.0,0.0
15.83,165.2,-6.83,0.35,-0.0,0.0,9.81,0.0,0.0,0.0
15.84,165.2,-6.83,0.35,-0.0,0.0,9.81,0.0,0.0,0.0
15.85,165.2,-6.83,0.35,-0.0,0.0,9.81,0.0,0.0,0.0
15.86,165.2,-6.83,0.35,-0.0,0.0,9.81,0.0,0.0,0.0
15.87,165.2,-6.83,0.35,-0.0,0.0,9.81,0.0,0.0,0.0
15.88,165.2,-6.83,0.35,-0.0,0.0,9.81,0.0,0.0,0.0
15.89,165.2,-6.83,0.35,-0.0,0.0,9.81,0.0,0.0,0.0
15.9,165.2,-6.83,0.35,-0.0,0.0,9.81,0.0,0.0,0.0
15.91,165.2,-6.83,0.35,-0.0,0.0,9.81,0.0,0.0,0.0
15.92,165.2,-6.83,0.35,-0.0,0.0,9.81,0.0,0.0,0.0
15.93,165.2,-6.83,0.35,-0.0,0.0,9.81,0.0,0.0,0.0
15.94,165.2,-6.83,0.35,-0.0,0.0,9.81,0.0,0.0,0.0
15.95,165.2,-6.83,0.35,-0.0,0.0,9.81,0.0,0.0,0.0
15.96,165.2,-6.83,0.35,-0.0,0.0,9.81,0.0,0.0,0.0
15.97,165.2,-6.83,0.35,-0.0,0.0,9.81,0.0,0.0,0.0
15.98,165.2,-6.83,0.35,-0.0,0.0,9.81,0.0,0.0,0.0
15.99,165.2,-6.83,0.35,-0.0,0.0,9.81,0.0,0.0,0.0
16.0,165.2,-6.83,0.35,-0.0,0.0,9.81,0.0,0.0,0.0
16.01,165.2,-6.83,0.35,-0.0,0.0,9.81,0.0,0.0,0.0
16.02,165.2,-6.83,0.35,-0.0,0.0,9.81,0.0,0.0,0.0
16.03,165.2,-6.83,0.35,-0.0,0.0,9.81,0.0,0.0,0.0
16.04,165.2,-6.83,0.35,-0.0,0.0,9.81,0.0,0.0,0.0
16.05,165.2,-6.83,0.35,-0.0,0.0,9.81,0.0,0.0,0.0
16.06,165.2,-6.83,0.35,-0.0,0.0,9.81,0.0,0.0,0.0
16.07,165.2,-6.83,0.35,-0.0,0.0,9.81,0.0,0.0,0.0
16.08,165.2,-6.83,0.35,-0.0,0.0,9.81,0.0,0.0,0.0
16.09,165.2,-6.83,0.35,-0.0,0.0,9.81,0.0,0.0,0.0
16.1,165.2,-6.83,0.35,-0.0,0.0,9.81,0.0,0.0,0.0
16.11,165.2,-6.83,0.35,-0.0,0.0,9.81,0.0,0.0,0.0
16.12,165.2,-6.83,0.35,-0.0,0.0,9.81,0.0,0.0,0.0
16.13,165.2,-6.83,0.35,-0.0,0.0,9.81,0.0,0.0,0.0
16.14,165.2,-6.83,0.35,-0.0,0.0,9.81,0.0,0.0,0.0
16.15,165.2,-6.83,0.35,-0.0,0.0,9.81,0.0,0.0,0.0
16.16,165.2,-6.83,0.35,-0.0,0.0,9.81,0.0,0.0,0.0
16.17,165.2,-6.83,0.35,-0.0,0.0,9.81,0.0,0.0,0.0
16.18,165.2,-6.83,0.35,-0.0,0.0,9.81,0.0,0.0,0.0
16.19,165.2,-6.83,0.35,-0.0,0.0,9.81,0.0,0.0,0.0
16.2,165.2,-6.83,0.35,-0.0,0.0,9.81,0.0,0.0,0.0
16.21,165.2,-6.83,0.35,-0.0,0.0,9.81,0.0,0.0,0.0
16.22,165.2,-6.83,0.35,-0.0,0.0,9.81,0.0,0.0,0.0
16.23,165.2,-6.83,0.35,-0.0,0.0,9.81,0.0,0.0,0.0
16.24,165.2,-6.83,0.35,-0.0,0.0,9.81,0.0,0.0,0.0
16.25,165.2,-6.83,0.35,-0.0,0.0,9.81,0.0,0.0,0.0
16.26,165.2,-6.83,0.35,-0.0,0.0,9.81,0.0,0.0,0.0
16.27,165.2,-6.83,0.35,-0.0,0.0,9.81,0.0,0.0,0.0
16.28,165.2,-6.83,0.35,-0.0,0.0,9.81,0.0,0.0,0.0
16.29,165.2,-6.83,0.35,-0.0,0.0,9.81,0.0,0.0,0.0
16.3,165.2,-6.83,0.35,-0.0,0.0,9.81,0.0,0.0,0.0
16.31,165.2,-6.83,0.35,-0.0,0.0,9.81,0.0,0.0,0.0
16.32,165.2,-6.83,0.35,-0.0,0.0,9.81,0.0,0.0,0.0
16.33,165.2,-6.83,0.35,-0.0,0.0,9.81,0.0,0.0,0.0
16.34,165.2,-6.83,0.35,-0.0,0.0,9.81,0.0,0.0,0.0
16.35,165.2,-6.83,0.35,-0.0,0.0,9.81,0.0,0.0,0.0
16.36,165.2,-6.83,0.35,-0.0,0.0,9.81,0.0,0.0,0.0
16.37,165.2,-6.83,0.35,-0.0,0.0,9.81,0.0,0.0,0.0
16.38,165.2,-6.83,0.35,-0.0,0.0,9.81,0.0,0.0,0.0
16.39,165.2,-6.83,0.35,-0.0,0.0,9.81,0.0,0.0,0.0
16.4,165.2,-6.83,0.35,-0.0,0.0,9.81,0.0,0.0,0.0
16.41,165.2,-6.83,0.35,-0.0,0.0,9.81,0.0,0.0,0.0
16.42,165.2,-6.83,0.35,-0.0,0.0,9.81,0.0,0.0,0.0
16.43,165.2,-6.83,0.35,-0.0,0.0,9.81,0.0,0.0,0.0
16.44,165.2,-6.83,0.35,-0.0,0.0,9.81,0.0,0.0,0.0
16.45,165.2,-6.83,0.35,-0.0,0.0,9.81,0.0,0.0,0.0
16.46,165.2,-6.83,0.35,-0.0,0.0,9.81,0.0,0.0,0.0
16.47,165.2,-6.83,0.35,-0.0,0.0,9.81,0.0,0.0,0.0
16.48,165.2,-6.83,0.35,-0.0,0.0,9.81,0.0,0.0,0.0
16.49,165.2,-6.83,0.35,-0.0,0.0,9.81,0.0,0.0,0.0
16.5,165.2,-6.83,0.35,-0.0,0.0,9.81,0.0,0.0,0.0
16.51,165.2,-6.83,0.35,-0.0,0.0,9.81,0.0,0.0,0.0
16.52,165.2,-6.83,0.35,-0.0,0.0,9.81,0.0,0.0,0.0
16.53,165.2,-6.83,0.35,-0.0,0.0,9.81,0.0,0.0,0.0
16.54,165.2,-6.83,0.35,-0.0,0.0,9.81,0.0,0.0,0.0
16.55,165.2,-6.83,0.35,-0.0,0.0,9.81,0.0,0.0,0.0
16.56,165.2,-6.83,0.35,-0.0,0.0,9.81,0.0,0.0,0.0
16.57,165.2,-6.83,0.35,-0.0,0.0,9.81,0.0,0.0,0.0
16.58,165.2,-6.83,0.35,-0.0,0.0,9.81,0.0,0.0,0.0
16.59,165.2,-6.83,0.35,-0.0,0.0,9.81,0.0,0.0,0.0
16.6,165.2,-6.83,0.35,-0.0,0.0,9.81,0.0,0.0,0.0
16.61,165.2,-6.83,0.35,-0.0,0.0,9.81,0.0,0.0,0.0
16.62,165.2,-6.83,0.35,-0.0,0.0,9.81,0.0,0.0,0.0
16.63,165.2,-6.83,0.35,-0.0,0.0,9.81,0.0,0.0,0.0
16.64,165.2,-6.83,0.35,-0.0,0.0,9.81,0.0,0.0,0.0
16.65,165.2,-6.83,0.35,-0.0,0.0,9.81,0.0,0.0,0.0
16.66,165.2,-6.83,0.35,-0.0,0.0,9.81,0.0,0.0,0.0
16.67,165.2,-6.83,0.35,-0.0,0.0,9.81,0.0,0.0,0.0
16.68,165.2,-6.83,0.35,-0.0,0.0,9.81,0.0,0.0,0.0
16.69,165.2,-6.83,0.35,-0.0,0.0,9.81,0.0,0.0,0.0
16.7,165.2,-6.83,0.35,-0.0,0.0,9.81,0.0,0.0,0.0
16.71,165.2,-6.83,0.35,-0.0,0.0,9.81,0.0,0.0,0.0
16.72,165.2,-6.83,0.35,-0.0,0.0,9.81,0.0,0.0,0.0
16.73,165.2,-6.83,0.35,-0.0,0.0,9.81,0.0,0.0,0.0
16.74,165.2,-6.83,0.35,-0.0,0.0,9.81,0.0,0.0,0.0
16.75,165.2,-6.83,0.35,-0.0,0.0,9.81,0.0,0.0,0.0
16.76,165.2,-6.83,0.35,-0.0,0.0,9.81,0.0,0.0,0.0
16.77,165.2,-6.83,0.35,-0.0,0.0,9.81,0.0,0.0,0.0
16.78,165.2,-6.83,0.35,-0.0,0.0,9.81,0.0,0.0,0.0
16.79,165.2,-6.83,0.35,-0.0,0.0,9.81,0.0,0.0,0.0
16.8,165.2,-6.83,0.35,-0.0,0.0,9.81,0.0,0.0,0.0
16.81,165.2,-6.83,0.35,-0.0,0.0,9.81,0.0,0.0,0.0
16.82,165.2,-6.83,0.35,-0.0,0.0,9.81,0.0,0.0,0.0
16.83,165.2,-6.83,0.35,-0.0,0.0,9.81,0.0,0.0,0.0
16.84,165.2,-6.83,0.35,-0.0,0.0,9.81,0.0,0.0,0.0
16.85,165.2,-6.83,0.35,-0.0,0.0,9.81,0.0,0.0,0.0
16.86,165.2,-6.83,0.35,-0.0,0.0,9.81,0.0,0.0,0.0
16.87,165.2,-6.83,0.35,-0.0,0.0,9.81,0.0,0.0,0.0
16.88,165.2,-6.83,0.35,-0.0,0.0,9.81,0.0,0.0,0.0
16.89,165.2,-6.83,0.35,-0.0,0.0,9.81,0.0,0.0,0.0
16.9,165.2,-6.83,0.35,-0.0,0.0,9.81,0.0,0.0,0.0
16.91,165.2,-6.83,0.35,-0.0,0.0,9.81,0.0,0.0,0.0
16.92,165.2,-6.83,0.35,-0.0,0.0,9.81,0.0,0.0,0.0
16.93,165.2,-6.83,0.35,-0.0,0.0,9.81,0.0,0.0,0.0
16.94,165.2,-6.83,0.35,-0.0,0.0,9.81,0.0,0.0,0.0
16.95,165.2,-6.83,0.35,-0.0,0.0,9.81,0.0,0.0,0.0
16.96,165.2,-6.83,0.35,-0.0,0.0,9.81,0.0,0.0,0.0
16.97,165.2,-6.83,0.35,-0.0,0.0,9.81,0.0,0.0,0.0
16.98,165.2,-6.83,0.35,-0.0,0.0,9.81,0.0,0.0,0.0
16.99,165.2,-6.83,0.35,-0.0,0.0,9.81,0.0,0.0,0.0
17.0,165.2,-6.83,0.35,-0.0,0.0,9.81,0.0,0.0,0.0
17.01,165.2,-6.83,0.35,-0.0,0.0,9.81,0.0,0.0,0.0
17.02,165.2,-6.83,0.35,-0.0,0.0,9.81,0.0,0.0,0.0
17.03,165.2,-6.83,0.35,-0.0,0.0,9.81,0.0,0.0,0.0
17.04,165.2,-6.83,0.35,-0.0,0.0,9.81,0.0,0.0,0.0
17.05,165.2,-6.83,0.35,-0.0,0.0,9.81,0.0,0.0,0.0
17.06,165.2,-6.83,0.35,-0.0,0.0,9.81,0.0,0.0,0.0
17.07,165.2,-6.83,0.35,-0.0,0.0,9.81,0.0,0.0,0.0
17.08,165.2,-6.83,0.35,-0.0,0.0,9.81,0.0,0.0,0.0
17.09,165.2,-6.83,0.35,-0.0,0.0,9.81,0.0,0.0,0.0
17.1,165.2,-6.83,0.35,-0.0,0.0,9.81,0.0,0.0,0.0
17.11,165.2,-6.83,0.35,-0.0,0.0,9.81,0.0,0.0,0.0
17.12,165.2,-6.83,0.35,-0.0,0.0,9.81,0.0,0.0,0.0
17.13,165.2,-6.83,0.35,-0.0,0.0,9.81,0.0,0.0,0.0
17.14,165.2,-6.83,0.35,-0.0,0.0,9.81,0.0,0.0,0.0
17.15,165.2,-6.83,0.35,-0.0,0.0,9.81,0.0,0.0,0.0
17.16,165.2,-6.83,0.35,-0.0,0.0,9.81,0.0,0.0,0.0
17.17,165.2,-6.83,0.35,-0.0,0.0,9.81,0.0,0.0,0.0
17.18,165.2,-6.83,0.35,-0.0,0.0,9.81,0.0,0.0,0.0
17.19,165.2,-6.83,0.35,-0.0,0.0,9.81,0.0,0.0,0.0
17.2,165.2,-6.83,0.35,-0.0,0.0,9.81,0.0,0.0,0.0
17.21,165.2,-6.83,0.35,-0.0,0.0,9.81,0.0,0.0,0.0
17.22,165.2,-6.83,0.35,-0.0,0.0,9.81,0.0,0.0,0.0
17.23,165.2,-6.83,0.35,-0.0,0.0,9.81,0.0,0.0,0.0
17.24,165.2,-6.83,0.35,-0.0,0.0,9.81,0.0,0.0,0.0
17.25,165.2,-6.83,0.35,-0.0,0.0,9.81,0.0,0.0,0.0
17.26,165.2,-6.83,0.35,-0.0,0.0,9.81,0.0,0.0,0.0
17.27,165.2,-6.83,0.35,-0.0,0.0,9.81,0.0,0.0,0.0
17.28,165.2,-6.83,0.35,-0.0,0.0,9.81,0.0,0.0,0.0
17.29,165.2,-6.83,0.35,-0.0,0.0,9.81,0.0,0.0,0.0
17.3,165.2,-6.83,0.35,-0.0,0.0,9.81,0.0,0.0,0.0
17.31,165.2,-6.83,0.35,-0.0,0.0,9.81,0.0,0.0,0.0
17.32,165.2,-6.83,0.35,-0.0,0.0,9.81,0.0,0.0,0.0
17.33,165.2,-6.83,0.35,-0.0,0.0,9.81,0.0,0.0,0.0
17.34,165.2,-6.83,0.35,-0.0,0.0,9.81,0.0,0.0,0.0
17.35,165.2,-6.83,0.35,-0.0,0.0,9.81,0.0,0.0,0.0
17.36,165.2,-6.83,0.35,-0.0,0.0,9.81,0.0,0.0,0.0
17.37,165.2,-6.83,0.35,-0.0,0.0,9.81,0.0,0.0,0.0
17.38,165.2,-6.83,0.35,-0.0,0.0,9.81,0.0,0.0,0.0
17.39,165.2,-6.83,0.35,-0.0,0.0,9.81,0.0,0.0,0.0
17.4,165.2,-6.83,0.35,-0.0,0.0,9.81,0.0,0.0,0.0
17.41,165.2,-6.83,0.35,-0.0,0.0,9.81,0.0,0.0,0.0
17.42,165.2,-6.83,0.35,-0.0,0.0,9.81,0.0,0.0,0.0
17.43,165.2,-6.83,0.35,-0.0,0.0,9.81,0.0,0.0,0.0
17.44,165.2,-6.83,0.35,-0.0,0.0,9.81,0.0,0.0,0.0
17.45,165.2,-6.83,0.35,-0.0,0.0,9.81,0.0,0.0,0.0
17.46,165.2,-6.83,0.35,-0.0,0.0,9.81,0.0,0.0,0.0
17.47,165.2,-6.83,0.35,-0.0,0.0,9.81,0.0,0.0,0.0
17.48,165.2,-6.83,0.35,-0.0,0.0,9.81,0.0,0.0,0.0
17.49,165.2,-6.83,0.35,-0.0,0.0,9.81,0.0,0.0,0.0
17.5,165.2,-6.83,0.35,-0.0,0.0,9.81,0.0,0.0,0.0
17.51,165.2,-6.83,0.35,-0.0,0.0,9.81,0.0,0.0,0.0
17.52,165.2,-6.83,0.35,-0.0,0.0,9.81,0.0,0.0,0.0
17.53,165.2,-6.83,0.35,-0.0,0.0,9.81,0.0,0.0,0.0
17.54,165.2,-6.83,0.35,-0.0,0.0,9.81,0.0,0.0,0.0
17.55,165.2,-6.83,0.35,-0.0,0.0,9.81,0.0,0.0,0.0
17.56,165.2,-6.83,0.35,-0.0,0.0,9.81,0.0,0.0,0.0
17.57,165.2,-6.83,0.35,-0.0,0.0,9.81,0.0,0.0,0.0
17.58,165.2,-6.83,0.35,-0.0,0.0,9.81,0.0,0.0,0.0
17.59,165.2,-6.83,0.35,-0.0,0.0,9.81,0.0,0.0,0.0
17.6,165.2,-6.83,0.35,-0.0,0.0,9.81,0.0,0.0,0.0
17.61,165.2,-6.83,0.35,-0.0,0.0,9.81,0.0,0.0,0.0
17.62,165.2,-6.83,0.35,-0.0,0.0,9.81,0.0,0.0,0.0
17.63,165.2,-6.83,0.35,-0.0,0.0,9.81,0.0,0.0,0.0
17.64,165.2,-6.83,0.35,-0.0,0.0,9.81,0.0,0.0,0.0
17.65,165.2,-6.83,0.35,-0.0,0.0,9.81,0.0,0.0,0.0
17.66,165.2,-6.83,0.35,-0.0,0.0,9.81,0.0,0.0,0.0
17.67,165.2,-6.83,0.35,-0.0,0.0,9.81,0.0,0.0,0.0
17.68,165.2,-6.83,0.35,-0.0,0.0,9.81,0.0,0.0,0.0
17.69,165.2,-6.83,0.35,-0.0,0.0,9.81,0.0,0.0,0.0
17.7,165.2,-6.83,0.35,-0.0,0.0,9.81,0.0,0.0,0.0
17.71,165.2,-6.83,0.35,-0.0,0.0,9.81,0.0,0.0,0.0
17.72,165.2,-6.83,0.35,-0.0,0.0,9.81,0.0,0.0,0.0
17.73,165.2,-6.83,0.35,-0.0,0.0,9.81,0.0,0.0,0.0
17.74,165.2,-6.83,0.35,-0.0,0.0,9.81,0.0,0.0,0.0
17.75,165.2,-6.83,0.35,-0.0,0.0,9.81,0.0,0.0,0.0
17.76,165.2,-6.83,0.35,-0.0,0.0,9.81,0.0,0.0,0.0
17.77,165.2,-6.83,0.35,-0.0,0.0,9.81,0.0,0.0,0.0
17.78,165.2,-6.83,0.35,-0.0,0.0,9.81,0.0,0.0,0.0
17.79,165.2,-6.83,0.35,-0.0,0.0,9.81,0.0,0.0,0.0
17.8,165.2,-6.83,0.35,-0.0,0.0,9.81,0.0,0.0,0.0
17.81,165.2,-6.83,0.35,-0.0,0.0,9.81,0.0,0.0,0.0
17.82,165.2,-6.83,0.35,-0.0,0.0,9.81,0.0,0.0,0.0
17.83,165.2,-6.83,0.35,-0.0,0.0,9.81,0.0,0.0,0.0
17.84,165.2,-6.83,0.35,-0.0,0.0,9.81,0.0,0.0,0.0
17.85,165.2,-6.83,0.35,-0.0,0.0,9.81,0.0,0.0,0.0
17.86,165.2,-6.83,0.35,-0.0,0.0,9.81,0.0,0.0,0.0
17.87,165.2,-6.83,0.35,-0.0,0.0,9.81,0.0,0.0,0.0
17.88,165.2,-6.83,0.35,-0.0,0.0,9.81,0.0,0.0,0.0
17.89,165.2,-6.83,0.35,-0.0,0.0,9.81,0.0,0.0,0.0
17.9,165.2,-6.83,0.35,-0.0,0.0,9.81,0.0,0.0,0.0
17.91,165.2,-6.83,0.35,-0.0,0.0,9.81,0.0,0.0,0.0
17.92,165.2,-6.83,0.35,-0.0,0.0,9.81,0.0,0.0,0.0
17.93,165.2,-6.83,0.35,-0.0,0.0,9.81,0.0,0.0,0.0
17.94,165.2,-6.83,0.35,-0.0,0.0,9.81,0.0,0.0,0.0
17.95,165.2,-6.83,0.35,-0.0,0.0,9.81,0.0,0.0,0.0
17.96,165.2,-6.83,0.35,-0.0,0.0,9.81,0.0,0.0,0.0
17.97,165.2,-6.83,0.35,-0.0,0.0,9.81,0.0,0.0,0.0
17.98,165.2,-6.83,0.35,-0.0,0.0,9.81,0.0,0.0,0.0
17.99,165.2,-6.83,0.35,-0.0,0.0,9.81,0.0,0.0,0.0
18.0,165.2,-6.83,0.35,-0.0,0.0,9.81,0.0,0.0,0.0
18.01,165.2,-6.83,0.35,-0.0,0.0,9.81,0.0,0.0,0.0
18.02,165.2,-6.83,0.35,-0.0,0.0,9.81,0.0,0.0,0.0
18.03,165.2,-6.83,0.35,-0.0,0.0,9.81,0.0,0.0,0.0
18.04,165.2,-6.83,0.35,-0.0,0.0,9.81,0.0,0.0,0.0
18.05,165.2,-6.83,0.35,-0.0,0.0,9.81,0.0,0.0,0.0
18.06,165.2,-6.83,0.35,-0.0,0.0,9.81,0.0,0.0,0.0
18.07,165.2,-6.83,0.35,-0.0,0.0,9.81,0.0,0.0,0.0
18.08,165.2,-6.83,0.35,-0.0,0.0,9.81,0.0,0.0,0.0
18.09,165.2,-6.83,0.35,-0.0,0.0,9.81,0.0,0.0,0.0
18.1,165.2,-6.83,0.35,-0.0,0.0,9.81,0.0,0.0,0.0
18.11,165.2,-6.83,0.35,-0.0,0.0,9.81,0.0,0.0,0.0
18.12,165.2,-6.83,0.35,-0.0,0.0,9.81,0.0,0.0,0.0
18.13,165.2,-6.83,0.35,-0.0,0.0,9.81,0.0,0.0,0.0
18.14,165.2,-6.83,0.35,-0.0,0.0,9.81,0.0,0.0,0.0
18.15,165.2,-6.83,0.35,-0.0,0.0,9.81,0.0,0.0,0.0
18.16,165.2,-6.83,0.35,-0.0,0.0,9.81,0.0,0.0,0.0
18.17,165.2,-6.83,0.35,-0.0,0.0,9.81,0.0,0.0,0.0
18.18,165.2,-6.83,0.35,-0.0,0.0,9.81,0.0,0.0,0.0
18.19,165.2,-6.83,0.35,-0.0,0.0,9.81,0.0,0.0,0.0
18.2,165.2,-6.83,0.35,-0.0,0.0,9.81,0.0,0.0,0.0
18.21,165.2,-6.83,0.35,-0.0,0.0,9.81,0.0,0.0,0.0
18.22,165.2,-6.83,0.35,-0.0,0.0,9.81,0.0,0.0,0.0
18.23,165.2,-6.83,0.35,-0.0,0.0,9.81,0.0,0.0,0.0
18.24,165.2,-6.83,0.35,-0.0,0.0,9.81,0.0,0.0,0.0
18.25,165.2,-6.83,0.35,-0.0,0.0,9.81,0.0,0.0,0.0
18.26,165.2,-6.83,0.35,-0.0,0.0,9.81,0.0,0.0,0.0
18.27,165.2,-6.83,0.35,-0.0,0.0,9.81,0.0,0.0,0.0
18.28,165.2,-6.83,0.35,-0.0,0.0,9.81,0.0,0.0,0.0
18.29,165.2,-6.83,0.35,-0.0,0.0,9.81,0.0,0.0,0.0
18.3,165.2,-6.83,0.35,-0.0,0.0,9.81,0.0,0.0,0.0
18.31,165.2,-6.83,0.35,-0.0,0.0,9.81,0.0,0.0,0.0
18.32,165.2,-6.83,0.35,-0.0,0.0,9.81,0.0,0.0,0.0
18.33,165.2,-6.83,0.35,-0.0,0.0,9.81,0.0,0.0,0.0
18.34,165.2,-6.83,0.35,-0.0,0.0,9.81,0.0,0.0,0.0
18.35,165.2,-6.83,0.35,-0.0,0.0,9.81,0.0,0.0,0.0
18.36,165.2,-6.83,0.35,-0.0,0.0,9.81,0.0,0.0,0.0
18.37,165.2,-6.83,0.35,-0.0,0.0,9.81,0.0,0.0,0.0
18.38,165.2,-6.83,0.35,-0.0,0.0,9.81,0.0,0.0,0.0
18.39,165.2,-6.83,0.35,-0.0,0.0,9.81,0.0,0.0,0.0
18.4,165.2,-6.83,0.35,-0.0,0.0,9.81,0.0,0.0,0.0
18.41,165.2,-6.83,0.35,-0.0,0.0,9.81,0.0,0.0,0.0
18.42,165.2,-6.83,0.35,-0.0,0.0,9.81,0.0,0.0,0.0
18.43,165.2,-6.83,0.35,-0.0,0.0,9.81,0.0,0.0,0.0
18.44,165.2,-6.83,0.35,-0.0,0.0,9.81,0.0,0.0,0.0
18.45,165.2,-6.83,0.35,-0.0,0.0,9.81,0.0,0.0,0.0
18.46,165.2,-6.83,0.35,-0.0,0.0,9.81,0.0,0.0,0.0
18.47,165.2,-6.83,0.35,-0.0,0.0,9.81,0.0,0.0,0.0
18.48,165.2,-6.83,0.35,-0.0,0.0,9.81,0.0,0.0,0.0
18.49,165.2,-6.83,0.35,-0.0,0.0,9.81,0.0,0.0,0.0
18.5,165.2,-6.83,0.35,-0.0,0.0,9.81,0.0,0.0,0.0
18.51,165.2,-6.83,0.35,-0.0,0.0,9.81,0.0,0.0,0.0
18.52,165.2,-6.83,0.35,-0.0,0.0,9.81,0.0,0.0,0.0
18.53,165.2,-6.83,0.35,-0.0,0.0,9.81,0.0,0.0,0.0
18.54,165.2,-6.83,0.35,-0.0,0.0,9.81,0.0,0.0,0.0
18.55,165.2,-6.83,0.35,-0.0,0.0,9.81,0.0,0.0,0.0
18.56,165.2,-6.83,0.35,-0.0,0.0,9.81,0.0,0.0,0.0
18.57,165.2,-6.83,0.35,-0.0,0.0,9.81,0.0,0.0,0.0
18.58,165.2,-6.83,0.35,-0.0,0.0,9.81,0.0,0.0,0.0
18.59,165.2,-6.83,0.35,-0.0,0.0,9.81,0.0,0.0,0.0
18.6,165.2,-6.83,0.35,-0.0,0.0,9.81,0.0,0.0,0.0
18.61,165.2,-6.83,0.35,-0.0,0.0,9.81,0.0,0.0,0.0
18.62,165.2,-6.83,0.35,-0.0,0.0,9.81,0.0,0.0,0.0
18.63,165.2,-6.83,0.35,-0.0,0.0,9.81,0.0,0.0,0.0
18.64,165.2,-6.83,0.35,-0.0,0.0,9.81,0.0,0.0,0.0
18.65,165.2,-6.83,0.35,-0.0,0.0,9.81,0.0,0.0,0.0
18.66,165.2,-6.83,0.35,-0.0,0.0,9.81,0.0,0.0,0.0
18.67,165.2,-6.83,0.35,-0.0,0.0,9.81,0.0,0.0,0.0
18.68,165.2,-6.83,0.35,-0.0,0.0,9.81,0.0,0.0,0.0
18.69,165.2,-6.83,0.35,-0.0,0.0,9.81,0.0,0.0,0.0
18.7,165.2,-6.83,0.35,-0.0,0.0,9.81,0.0,0.0,0.0
18.71,165.2,-6.83,0.35,-0.0,0.0,9.81,0.0,0.0,0.0
18.72,165.2,-6.83,0.35,-0.0,0.0,9.81,0.0,0.0,0.0
18.73,165.2,-6.83,0.35,-0.0,0.0,9.81,0.0,0.0,0.0
18.74,165.2,-6.83,0.35,-0.0,0.0,9.81,0.0,0.0,0.0
18.75,165.2,-6.83,0.35,-0.0,0.0,9.81,0.0,0.0,0.0
18.76,165.2,-6.83,0.35,-0.0,0.0,9.81,0.0,0.0,0.0
18.77,165.2,-6.83,0.35,-0.0,0.0,9.81,0.0,0.0,0.0
18.78,165.2,-6.83,0.35,-0.0,0.0,9.81,0.0,0.0,0.0
18.79,165.2,-6.83,0.35,-0.0,0.0,9.81,0.0,0.0,0.0
18.8,165.2,-6.83,0.35,-0.0,0.0,9.81,0.0,0.0,0.0
18.81,165.2,-6.83,0.35,-0.0,0.0,9.81,0.0,0.0,0.0
18.82,165.2,-6.83,0.35,-0.0,0.0,9.81,0.0,0.0,0.0
18.83,165.2,-6.83,0.35,-0.0,0.0,9.81,0.0,0.0,0.0
18.84,165.2,-6.83,0.35,-0.0,0.0,9.81,0.0,0.0,0.0
18.85,165.2,-6.83,0.35,-0.0,0.0,9.81,0.0,0.0,0.0
18.86,165.2,-6.83,0.35,-0.0,0.0,9.81,0.0,0.0,0.0
18.87,165.2,-6.83,0.35,-0.0,0.0,9.81,0.0,0.0,0.0
18.88,165.2,-6.83,0.35,-0.0,0.0,9.81,0.0,0.0,0.0
18.89,165.2,-6.83,0.35,-0.0,0.0,9.81,0.0,0.0,0.0
18.9,165.2,-6.83,0.35,-0.0,0.0,9.81,0.0,0.0,0.0
18.91,165.2,-6.83,0.35,-0.0,0.0,9.81,0.0,0.0,0.0
18.92,165.2,-6.83,0.35,-0.0,0.0,9.81,0.0,0.0,0.0
18.93,165.2,-6.83,0.35,-0.0,0.0,9.81,0.0,0.0,0.0
18.94,165.2,-6.83,0.35,-0.0,0.0,9.81,0.0,0.0,0.0
18.95,165.2,-6.83,0.35,-0.0,0.0,9.81,0.0,0.0,0.0
18.96,165.2,-6.83,0.35,-0.0,0.0,9.81,0.0,0.0,0.0
18.97,165.2,-6.83,0.35,-0.0,0.0,9.81,0.0,0.0,0.0
18.98,165.2,-6.83,0.35,-0.0,0.0,9.81,0.0,0.0,0.0
18.99,165.2,-6.83,0.35,-0.0,0.0,9.81,0.0,0.0,0.0
19.0,165.2,-6.83,0.35,-0.0,0.0,9.81,0.0,0.0,0.0
19.01,165.2,-6.83,0.35,-0.0,0.0,9.81,0.0,0.0,0.0
19.02,165.2,-6.83,0.35,-0.0,0.0,9.81,0.0,0.0,0.0
19.03,165.2,-6.83,0.35,-0.0,0.0,9.81,0.0,0.0,0.0
19.04,165.2,-6.83,0.35,-0.0,0.0,9.81,0.0,0.0,0.0
19.05,165.2,-6.83,0.35,-0.0,0.0,9.81,0.0,0.0,0.0
19.06,165.2,-6.83,0.35,-0.0,0.0,9.81,0.0,0.0,0.0
19.07,165.2,-6.83,0.35,-0.0,0.0,9.81,0.0,0.0,0.0
19.08,165.2,-6.83,0.35,-0.0,0.0,9.81,0.0,0.0,0.0
19.09,165.2,-6.83,0.35,-0.0,0.0,9.81,0.0,0.0,0.0
19.1,165.2,-6.83,0.35,-0.0,0.0,9.81,0.0,0.0,0.0
19.11,165.2,-6.83,0.35,-0.0,0.0,9.81,0.0,0.0,0.0
19.12,165.2,-6.83,0.35,-0.0,0.0,9.81,0.0,0.0,0.0
19.13,165.2,-6.83,0.35,-0.0,0.0,9.81,0.0,0.0,0.0
19.14,165.2,-6.83,0.35,-0.0,0.0,9.81,0.0,0.0,0.0
19.15,165.2,-6.83,0.35,-0.0,0.0,9.81,0.0,0.0,0.0
19.16,165.2,-6.83,0.35,-0.0,0.0,9.81,0.0,0.0,0.0
19.17,165.2,-6.83,0.35,-0.0,0.0,9.81,0.0,0.0,0.0
19.18,165.2,-6.83,0.35,-0.0,0.0,9.81,0.0,0.0,0.0
19.19,165.2,-6.83,0.35,-0.0,0.0,9.81,0.0,0.0,0.0
19.2,165.2,-6.83,0.35,-0.0,0.0,9.81,0.0,0.0,0.0
19.21,165.2,-6.83,0.35,-0.0,0.0,9.81,0.0,0.0,0.0
19.22,165.2,-6.83,0.35,-0.0,0.0,9.81,0.0,0.0,0.0
19.23,165.2,-6.83,0.35,-0.0,0.0,9.81,0.0,0.0,0.0
19.24,165.2,-6.83,0.35,-0.0,0.0,9.81,0.0,0.0,0.0
19.25,165.2,-6.83,0.35,-0.0,0.0,9.81,0.0,0.0,0.0
19.26,165.2,-6.83,0.35,-0.0,0.0,9.81,0.0,0.0,0.0
19.27,165.2,-6.83,0.35,-0.0,0.0,9.81,0.0,0.0,0.0
19.28,165.2,-6.83,0.35,-0.0,0.0,9.81,0.0,0.0,0.0
19.29,165.2,-6.83,0.35,-0.0,0.0,9.81,0.0,0.0,0.0
19.3,165.2,-6.83,0.35,-0.0,0.0,9.81,0.0,0.0,0.0
19.31,165.2,-6.83,0.35,-0.0,0.0,9.81,0.0,0.0,0.0
19.32,165.2,-6.83,0.35,-0.0,0.0,9.81,0.0,0.0,0.0
19.33,165.2,-6.83,0.35,-0.0,0.0,9.81,0.0,0.0,0.0
19.34,165.2,-6.83,0.35,-0.0,0.0,9.81,0.0,0.0,0.0
19.35,165.2,-6.83,0.35,-0.0,0.0,9.81,0.0,0.0,0.0
19.36,165.2,-6.83,0.35,-0.0,0.0,9.81,0.0,0.0,0.0
19.37,165.2,-6.83,0.35,-0.0,0.0,9.81,0.0,0.0,0.0
19.38,165.2,-6.83,0.35,-0.0,0.0,9.81,0.0,0.0,0.0
19.39,165.2,-6.83,0.35,-0.0,0.0,9.81,0.0,0.0,0.0
19.4,165.2,-6.83,0.35,-0.0,0.0,9.81,0.0,0.0,0.0
19.41,165.2,-6.83,0.35,-0.0,0.0,9.81,0.0,0.0,0.0
19.42,165.2,-6.83,0.35,-0.0,0.0,9.81,0.0,0.0,0.0
19.43,165.2,-6.83,0.35,-0.0,0.0,9.81,0.0,0.0,0.0
19.44,165.2,-6.83,0.35,-0.0,0.0,9.81,0.0,0.0,0.0
19.45,165.2,-6.83,0.35,-0.0,0.0,9.81,0.0,0.0,0.0
19.46,165.2,-6.83,0.35,-0.0,0.0,9.81,0.0,0.0,0.0
19.47,165.2,-6.83,0.35,-0.0,0.0,9.81,0.0,0.0,0.0
19.48,165.2,-6.83,0.35,-0.0,0.0,9.81,0.0,0.0,0.0
19.49,165.2,-6.83,0.35,-0.0,0.0,9.81,0.0,0.0,0.0
19.5,165.2,-6.83,0.35,-0.0,0.0,9.81,0.0,0.0,0.0
19.51,165.2,-6.83,0.35,-0.0,0.0,9.81,0.0,0.0,0.0
19.52,165.2,-6.83,0.35,-0.0,0.0,9.81,0.0,0.0,0.0
19.53,165.2,-6.83,0.35,-0.0,0.0,9.81,0.0,0.0,0.0
19.54,165.2,-6.83,0.35,-0.0,0.0,9.81,0.0,0.0,0.0
19.55,165.2,-6.83,0.35,-0.0,0.0,9.81,0.0,0.0,0.0
19.56,165.2,-6.83,0.35,-0.0,0.0,9.81,0.0,0.0,0.0
19.57,165.2,-6.83,0.35,-0.0,0.0,9.81,0.0,0.0,0.0
19.58,165.2,-6.83,0.35,-0.0,0.0,9.81,0.0,0.0,0.0
19.59,165.2,-6.83,0.35,-0.0,0.0,9.81,0.0,0.0,0.0
19.6,165.2,-6.83,0.35,-0.0,0.0,9.81,0.0,0.0,0.0
19.61,165.2,-6.83,0.35,-0.0,0.0,9.81,0.0,0.0,0.0
19.62,165.2,-6.83,0.35,-0.0,0.0,9.81,0.0,0.0,0.0
19.63,165.2,-6.83,0.35,-0.0,0.0,9.81,0.0,0.0,0.0
19.64,165.2,-6.83,0.35,-0.0,0.0,9.81,0.0,0.0,0.0
19.65,165.2,-6.83,0.35,-0.0,0.0,9.81,0.0,0.0,0.0
19.66,165.2,-6.83,0.35,-0.0,0.0,9.81,0.0,0.0,0.0
19.67,165.2,-6.83,0.35,-0.0,0.0,9.81,0.0,0.0,0.0
19.68,165.2,-6.83,0.35,-0.0,0.0,9.81,0.0,0.0,0.0
19.69,165.2,-6.83,0.35,-0.0,0.0,9.81,0.0,0.0,0.0
19.7,165.2,-6.83,0.35,-0.0,0.0,9.81,0.0,0.0,0.0
19.71,165.2,-6.83,0.35,-0.0,0.0,9.81,0.0,0.0,0.0
19.72,165.2,-6.83,0.35,-0.0,0.0,9.81,0.0,0.0,0.0
19.73,165.2,-6.83,0.35,-0.0,0.0,9.81,0.0,0.0,0.0
19.74,165.2,-6.83,0.35,-0.0,0.0,9.81,0.0,0.0,0.0
19.75,165.2,-6.83,0.35,-0.0,0.0,9.81,0.0,0.0,0.0
19.76,165.2,-6.83,0.35,-0.0,0.0,9.81,0.0,0.0,0.0
19.77,165.2,-6.83,0.35,-0.0,0.0,9.81,0.0,0.0,0.0
19.78,165.2,-6.83,0.35,-0.0,0.0,9.81,0.0,0.0,0.0
19.79,165.2,-6.83,0.35,-0.0,0.0,9.81,0.0,0.0,0.0
19.8,165.2,-6.83,0.35,-0.0,0.0,9.81,0.0,0.0,0.0
19.81,165.2,-6.83,0.35,-0.0,0.0,9.81,0.0,0.0,0.0
19.82,165.2,-6.83,0.35,-0.0,0.0,9.81,0.0,0.0,0.0
19.83,165.2,-6.83,0.35,-0.0,0.0,9.81,0.0,0.0,0.0
19.84,165.2,-6.83,0.35,-0.0,0.0,9.81,0.0,0.0,0.0
19.85,165.2,-6.83,0.35,-0.0,0.0,9.81,0.0,0.0,0.0
19.86,165.2,-6.83,0.35,-0.0,0.0,9.81,0.0,0.0,0.0
19.87,165.2,-6.83,0.35,-0.0,0.0,9.81,0.0,0.0,0.0
19.88,165.2,-6.83,0.35,-0.0,0.0,9.81,0.0,0.0,0.0
19.89,165.2,-6.83,0.35,-0.0,0.0,9.81,0.0,0.0,0.0
19.9,165.2,-6.83,0.35,-0.0,0.0,9.81,0.0,0.0,0.0
19.91,165.2,-6.83,0.35,-0.0,0.0,9.81,0.0,0.0,0.0
19.92,165.2,-6.83,0.35,-0.0,0.0,9.81,0.0,0.0,0.0
19.93,165.2,-6.83,0.35,-0.0,0.0,9.81,0.0,0.0,0.0
19.94,165.2,-6.83,0.35,-0.0,0.0,9.81,0.0,0.0,0.0
19.95,165.2,-6.83,0.35,-0.0,0.0,9.81,0.0,0.0,0.0
19.96,165.2,-6.83,0.35,-0.0,0.0,9.81,0.0,0.0,0.0
19.97,165.2,-6.83,0.35,-0.0,0.0,9.81,0.0,0.0,0.0
19.98,165.2,-6.83,0.35,-0.0,0.0,9.81,0.0,0.0,0.0
19.99,165.2,-6.83,0.35,-0.0,0.0,9.81,0.0,0.0,0.0
